Data number,Slot opening width Bs0 (mm),Axial length of permanent magnet/moving pole distance a,Air gap thickness gap (mm),Coil radial width rcoil (mm),Permanent magnet radial length rpm (mm),Average thrust (N),Thrust fluctuation (N),Average copper loss (W)
1,1,0.5,0.7,8,4.8,57.1000656,29.81171154,17.15467555
2,3,0.5,0.7,8,4.8,54.66046051,44.80085682,17.15467555
3,1,0.5,0.7,9,4.8,63.91894309,32.64214201,19.71795869
4,3,0.5,0.7,9,4.8,65.39936018,45.91128252,19.71795869
5,1,0.5,0.7,10,4.8,78.0910534,23.61307171,22.368697
6,3,0.5,0.7,10,4.8,74.09399215,44.46193153,22.368697
7,1,0.5,0.9,8,4.8,59.38468622,19.54698449,17.32729571
8,3,0.5,0.9,8,4.8,57.54514116,37.48686779,17.32729571
9,1,0.5,0.9,9,4.8,68.18383657,22.68191503,19.91269334
10,3,0.5,0.9,9,4.8,71.75577183,34.93064176,19.91269334
11,1,0.5,0.9,10,4.8,76.06624678,20.05065615,22.58569814
12,3,0.5,0.9,10,4.8,74.61071999,36.3271897,22.58569814
13,1,0.5,1.1,8,4.8,59.52664816,20.09324244,17.49987165
14,3,0.5,1.1,8,4.8,58.7017584,30.44126363,17.49987165
15,1,0.5,1.1,9,4.8,64.75654531,18.39167794,20.10736863
16,3,0.5,1.1,9,4.8,65.68380122,29.55497781,20.10736863
17,1,0.5,1.1,10,4.8,72.27859891,25.86336333,22.80262232
18,3,0.5,1.1,10,4.8,69.96018379,35.83014011,22.80262232
19,1,0.5,1.3,8,4.8,55.9724043,18.96710867,17.67240468
20,3,0.5,1.3,8,4.8,57.87901629,26.18150108,17.67240468
21,1,0.5,1.3,9,4.8,63.99593694,15.68580594,20.30198629
22,3,0.5,1.3,9,4.8,63.97931177,26.15006537,20.30198629
23,1,0.5,1.3,10,4.8,71.27993821,29.81103781,23.01947179
24,3,0.5,1.3,10,4.8,73.83013576,30.95244549,23.01947179
25,1,0.5,0.7,8,5.2,59.98352736,29.90425145,17.49987165
26,3,0.5,0.7,8,5.2,65.42373252,48.08157533,17.49987165
27,1,0.5,0.7,9,5.2,74.70325904,19.65942126,20.10736863
28,3,0.5,0.7,9,5.2,71.94569765,36.48335859,20.10736863
29,1,0.5,0.7,10,5.2,87.95618159,31.24881755,22.80262232
30,3,0.5,0.7,10,5.2,85.1550126,66.16115068,22.80262232
31,1,0.5,0.9,8,5.2,65.36562095,19.85494755,17.67240468
32,3,0.5,0.9,8,5.2,63.06994995,34.10306101,17.67240468
33,1,0.5,0.9,9,5.2,74.37018309,24.97924008,20.30198629
34,3,0.5,0.9,9,5.2,75.35880969,39.54893865,20.30198629
35,1,0.5,0.9,10,5.2,83.73754895,40.26378795,23.01947179
36,3,0.5,0.9,10,5.2,79.46376404,44.8694419,23.01947179
37,1,0.5,1.1,8,5.2,62.08590936,24.08921144,17.84489606
38,3,0.5,1.1,8,5.2,64.4092487,27.24106833,17.84489606
39,1,0.5,1.1,9,5.2,74.83066255,15.92416021,20.496548
40,3,0.5,1.1,9,5.2,71.21895756,33.21339575,20.496548
41,1,0.5,1.1,10,5.2,81.04153388,30.83747683,23.23624866
42,3,0.5,1.1,10,5.2,77.11314997,39.14834323,23.23624866
43,1,0.5,1.3,8,5.2,65.92705677,22.0269275,18.01734701
44,3,0.5,1.3,8,5.2,61.42478166,23.86022299,18.01734701
45,1,0.5,1.3,9,5.2,70.05887667,17.81179554,20.69105537
46,3,0.5,1.3,9,5.2,69.20876989,24.63870075,20.69105537
47,1,0.5,1.3,10,5.2,78.73820755,24.99819405,23.45295499
48,3,0.5,1.3,10,5.2,78.99042882,26.85737159,23.45295499
49,1,0.5,0.7,8,5.6,73.85610932,31.20788341,17.84489606
50,3,0.5,0.7,8,5.6,76.97454077,43.09757803,17.84489606
51,1,0.5,0.7,9,5.6,81.05769009,29.35290765,20.496548
52,3,0.5,0.7,9,5.6,76.02783173,51.04161657,20.496548
53,1,0.5,0.7,10,5.6,92.81401899,35.78511456,23.23624866
54,3,0.5,0.7,10,5.6,86.42823001,55.34288812,23.23624866
55,1,0.5,0.9,8,5.6,71.44921342,26.82863219,18.01734701
56,3,0.5,0.9,8,5.6,73.04137876,39.51870575,18.01734701
57,1,0.5,0.9,9,5.6,71.08436986,28.61141511,20.69105537
58,3,0.5,0.9,9,5.6,74.44231273,40.82495143,20.69105537
59,1,0.5,0.9,10,5.6,89.42063053,24.1462433,23.45295499
60,3,0.5,0.9,10,5.6,85.94513573,38.25170854,23.45295499
61,1,0.5,1.1,8,5.6,67.86264528,24.56593612,18.1897587
62,3,0.5,1.1,8,5.6,70.36365511,28.18303737,18.1897587
63,1,0.5,1.1,9,5.6,83.55910636,20.76594866,20.88550993
64,3,0.5,1.1,9,5.6,90.48152559,38.91348071,20.88550993
65,1,0.5,1.1,10,5.6,93.13076131,25.5158322,23.66959277
66,3,0.5,1.1,10,5.6,93.48055938,36.15615555,23.66959277
67,1,0.5,1.3,8,5.6,79.20345298,15.06944402,18.36213224
68,3,0.5,1.3,8,5.6,69.70993983,23.99856469,18.36213224
69,1,0.5,1.3,9,5.6,80.70535813,17.93491988,21.07991317
70,3,0.5,1.3,9,5.6,78.79202646,27.17326874,21.07991317
71,1,0.5,1.3,10,5.6,88.93032333,19.7040113,23.8861639
72,3,0.5,1.3,10,5.6,86.08128823,33.44774363,23.8861639
73,1,0.5,0.7,8,6,81.99063122,34.68734407,18.1897587
74,3,0.5,0.7,8,6,77.2082027,45.10485814,18.1897587
75,1,0.5,0.7,9,6,87.05784827,25.11650431,20.88550993
76,3,0.5,0.7,9,6,94.45369859,43.49922537,20.88550993
77,1,0.5,0.7,10,6,97.28503454,44.36998441,23.66959277
78,3,0.5,0.7,10,6,97.26165616,55.91143032,23.66959277
79,1,0.5,0.9,8,6,79.81860632,26.30866991,18.36213224
80,3,0.5,0.9,8,6,79.14706823,34.81042998,18.36213224
81,1,0.5,0.9,9,6,94.30059609,22.72982177,21.07991317
82,3,0.5,0.9,9,6,97.60060261,43.38522243,21.07991317
83,1,0.5,0.9,10,6,99.18270082,24.44424367,23.8861639
84,3,0.5,0.9,10,6,89.76688198,45.28710467,23.8861639
85,1,0.5,1.1,8,6,75.86890835,18.52080957,18.53446871
86,3,0.5,1.1,8,6,71.60869056,31.21527877,18.53446871
87,1,0.5,1.1,9,6,86.89495565,27.72841034,21.27426653
88,3,0.5,1.1,9,6,91.21041676,43.34974813,21.27426653
89,1,0.5,1.1,10,6,95.76236122,21.6108486,24.1026702
90,3,0.5,1.1,10,6,94.8518933,35.36714819,24.1026702
91,1,0.5,1.3,8,6,69.79193408,22.13881858,18.70676915
92,3,0.5,1.3,8,6,70.1932855,29.6574402,18.70676915
93,1,0.5,1.3,9,6,88.09018143,31.81634216,21.46857138
94,3,0.5,1.3,9,6,84.41525817,37.45784545,21.46857138
95,1,0.5,1.3,10,6,94.08693443,20.24698779,24.31911344
96,3,0.5,1.3,10,6,91.30533382,30.81400082,24.31911344
97,1,0.5,0.7,8,6.4,85.4689588,28.9621104,18.53446871
98,3,0.5,0.7,8,6.4,82.4196166,54.76090311,18.53446871
99,1,0.5,0.7,9,6.4,86.40702295,42.47591947,21.27426653
100,3,0.5,0.7,9,6.4,87.26491198,71.0494744,21.27426653
101,1,0.5,0.7,10,6.4,105.3032042,31.23161126,24.1026702
102,3,0.5,0.7,10,6.4,106.6208432,44.33672664,24.1026702
103,1,0.5,0.9,8,6.4,78.96581197,30.69982521,18.70676915
104,3,0.5,0.9,8,6.4,85.25588048,47.48786976,18.70676915
105,1,0.5,0.9,9,6.4,91.05757374,36.54029511,21.46857138
106,3,0.5,0.9,9,6.4,98.60288125,62.22971994,21.46857138
107,1,0.5,0.9,10,6.4,109.3715586,28.44397462,24.31911344
108,3,0.5,0.9,10,6.4,109.3309273,34.70060702,24.31911344
109,1,0.5,1.1,8,6.4,81.05310079,33.08369183,18.87903457
110,3,0.5,1.1,8,6.4,79.63953652,41.9500757,18.87903457
111,1,0.5,1.1,9,6.4,94.64468535,27.21553876,21.66282905
112,3,0.5,1.1,9,6.4,95.49469149,32.49947193,21.66282905
113,1,0.5,1.1,10,6.4,105.6530231,25.85248432,24.53549533
114,3,0.5,1.1,10,6.4,101.5383853,37.79371388,24.53549533
115,1,0.5,1.3,8,6.4,95.00382448,17.72363599,19.05126592
116,3,0.5,1.3,8,6.4,91.22928609,32.92417236,19.05126592
117,1,0.5,1.3,9,6.4,92.8515568,25.65873505,21.85704081
118,3,0.5,1.3,9,6.4,96.52140514,37.77506519,21.85704081
119,1,0.5,1.3,10,6.4,105.0008291,21.24549951,24.75181749
120,3,0.5,1.3,10,6.4,104.2736876,32.3312036,24.75181749
121,1,0.5,0.7,8,6.8,88.83547133,37.82163359,18.87903457
122,3,0.5,0.7,8,6.8,89.97733506,44.07436445,18.87903457
123,1,0.5,0.7,9,6.8,108.265472,42.90614523,21.66282905
124,3,0.5,0.7,9,6.8,104.263721,44.88230808,21.66282905
125,1,0.5,0.7,10,6.8,112.4447593,43.13934108,24.53549533
126,3,0.5,0.7,10,6.8,114.3075207,64.41732674,24.53549533
127,1,0.5,0.9,8,6.8,97.2088284,24.95597637,19.05126592
128,3,0.5,0.9,8,6.8,93.94384956,42.28940985,19.05126592
129,1,0.5,0.9,9,6.8,101.3459452,32.95458066,21.85704081
130,3,0.5,0.9,9,6.8,104.3218738,43.66360939,21.85704081
131,1,0.5,0.9,10,6.8,113.822867,41.35591298,24.75181749
132,3,0.5,0.9,10,6.8,113.5297019,53.89615579,24.75181749
133,1,0.5,1.1,8,6.8,89.32895943,30.74806834,19.22346413
134,3,0.5,1.1,8,6.8,93.86552818,31.59691706,19.22346413
135,1,0.5,1.1,9,6.8,100.9232346,28.42104133,22.0512079
136,3,0.5,1.1,9,6.8,103.8277905,40.43177918,22.0512079
137,1,0.5,1.1,10,6.8,108.3772241,40.78675847,24.96808152
138,3,0.5,1.1,10,6.8,106.3333364,41.05653909,24.96808152
139,1,0.5,1.3,8,6.8,84.72752511,35.80554971,19.3956301
140,3,0.5,1.3,8,6.8,68.25376915,40.43222883,19.3956301
141,1,0.5,1.3,9,6.8,93.78539297,21.3927521,22.2453315
142,3,0.5,1.3,9,6.8,100.610812,31.49755124,22.2453315
143,1,0.5,1.3,10,6.8,112.3319625,25.42471386,25.18428894
144,3,0.5,1.3,10,6.8,106.6549395,41.81012417,25.18428894
145,1,0.6,0.7,8,4.8,68.07661285,25.83304838,17.15467555
146,3,0.6,0.7,8,4.8,65.98942634,43.4280403,17.15467555
147,1,0.6,0.7,9,4.8,76.44121778,16.7465375,19.71795869
148,3,0.6,0.7,9,4.8,74.05901044,49.74258688,19.71795869
149,1,0.6,0.7,10,4.8,85.84006705,31.95753913,22.368697
150,3,0.6,0.7,10,4.8,80.66048853,57.29326863,22.368697
151,1,0.6,0.9,8,4.8,65.36242673,19.60990015,17.32729571
152,3,0.6,0.9,8,4.8,67.77983337,35.49277848,17.32729571
153,1,0.6,0.9,9,4.8,77.24754296,24.96112026,19.91269334
154,3,0.6,0.9,9,4.8,71.90958186,39.40434486,19.91269334
155,1,0.6,0.9,10,4.8,80.67661535,21.62101461,22.58569814
156,3,0.6,0.9,10,4.8,80.21157023,44.66686319,22.58569814
157,1,0.6,1.1,8,4.8,64.73264751,14.4899901,17.49987165
158,3,0.6,1.1,8,4.8,61.41946764,24.47166923,17.49987165
159,1,0.6,1.1,9,4.8,77.28464876,22.93813558,20.10736863
160,3,0.6,1.1,9,4.8,71.70680341,28.55760802,20.10736863
161,1,0.6,1.1,10,4.8,75.97616231,16.25893566,22.80262232
162,3,0.6,1.1,10,4.8,73.24562631,23.78301654,22.80262232
163,1,0.6,1.3,8,4.8,65.22972135,11.35570315,17.67240468
164,3,0.6,1.3,8,4.8,69.6467703,26.70163836,17.67240468
165,1,0.6,1.3,9,4.8,70.240682,13.74664209,20.30198629
166,3,0.6,1.3,9,4.8,67.74908882,19.66039219,20.30198629
167,1,0.6,1.3,10,4.8,70.79902937,13.35565459,23.01947179
168,3,0.6,1.3,10,4.8,66.20269287,22.52589145,23.01947179
169,1,0.6,0.7,8,5.2,74.00685799,22.18091824,17.49987165
170,3,0.6,0.7,8,5.2,73.45002274,41.953045,17.49987165
171,1,0.6,0.7,9,5.2,84.39424502,25.64846077,20.10736863
172,3,0.6,0.7,9,5.2,86.20344874,48.91301497,20.10736863
173,1,0.6,0.7,10,5.2,90.56751812,21.87131549,22.80262232
174,3,0.6,0.7,10,5.2,87.02807605,38.16210716,22.80262232
175,1,0.6,0.9,8,5.2,71.77559117,18.24565829,17.67240468
176,3,0.6,0.9,8,5.2,69.82618209,35.09377948,17.67240468
177,1,0.6,0.9,9,5.2,85.7959514,24.02929157,20.30198629
178,3,0.6,0.9,9,5.2,82.23179042,35.86354027,20.30198629
179,1,0.6,0.9,10,5.2,90.94400257,27.23071502,23.01947179
180,3,0.6,0.9,10,5.2,82.33363957,37.04300146,23.01947179
181,1,0.6,1.1,8,5.2,69.89843261,13.4568699,17.84489606
182,3,0.6,1.1,8,5.2,71.24011782,27.37135074,17.84489606
183,1,0.6,1.1,9,5.2,80.56577955,23.03587475,20.496548
184,3,0.6,1.1,9,5.2,80.84050039,31.6469867,20.496548
185,1,0.6,1.1,10,5.2,88.5532493,41.01771415,23.23624866
186,3,0.6,1.1,10,5.2,81.37205463,34.62829202,23.23624866
187,1,0.6,1.3,8,5.2,72.79373783,13.25736909,18.01734701
188,3,0.6,1.3,8,5.2,70.2818,23.30541768,18.01734701
189,1,0.6,1.3,9,5.2,78.16340054,17.10308265,20.69105537
190,3,0.6,1.3,9,5.2,79.73032458,27.92762431,20.69105537
191,1,0.6,1.3,10,5.2,80.25373894,27.84732017,23.45295499
192,3,0.6,1.3,10,5.2,81.58625732,24.90327003,23.45295499
193,1,0.6,0.7,8,5.6,84.60785853,21.78315011,17.84489606
194,3,0.6,0.7,8,5.6,85.9416294,57.66086865,17.84489606
195,1,0.6,0.7,9,5.6,97.37406564,32.71949829,20.496548
196,3,0.6,0.7,9,5.6,93.54559266,55.03074243,20.496548
197,1,0.6,0.7,10,5.6,106.4564679,54.68285144,23.23624866
198,3,0.6,0.7,10,5.6,97.32772554,37.11973557,23.23624866
199,1,0.6,0.9,8,5.6,77.39514975,19.83219218,18.01734701
200,3,0.6,0.9,8,5.6,79.36124349,32.27102218,18.01734701
201,1,0.6,0.9,9,5.6,88.0609682,16.80689531,20.69105537
202,3,0.6,0.9,9,5.6,89.43359924,36.23908239,20.69105537
203,1,0.6,0.9,10,5.6,97.29389039,34.96120666,23.45295499
204,3,0.6,0.9,10,5.6,95.09621997,44.12308689,23.45295499
205,1,0.6,1.1,8,5.6,79.88250515,24.09150659,18.1897587
206,3,0.6,1.1,8,5.6,81.28854978,35.71274308,18.1897587
207,1,0.6,1.1,9,5.6,86.51933737,17.4361163,20.88550993
208,3,0.6,1.1,9,5.6,80.38044788,29.39013811,20.88550993
209,1,0.6,1.1,10,5.6,90.56833569,30.99548532,23.66959277
210,3,0.6,1.1,10,5.6,93.63400153,36.96939531,23.66959277
211,1,0.6,1.3,8,5.6,84.50364833,34.26362764,18.36213224
212,3,0.6,1.3,8,5.6,80.6496706,36.08461593,18.36213224
213,1,0.6,1.3,9,5.6,92.40603551,33.95469808,21.07991317
214,3,0.6,1.3,9,5.6,88.13863726,27.19723536,21.07991317
215,1,0.6,1.3,10,5.6,86.29657614,17.00589074,23.8861639
216,3,0.6,1.3,10,5.6,91.73479777,32.72046994,23.8861639
217,1,0.6,0.7,8,6,87.43876053,25.9020733,18.1897587
218,3,0.6,0.7,8,6,86.72069594,47.4911942,18.1897587
219,1,0.6,0.7,9,6,98.31110798,21.36074313,20.88550993
220,3,0.6,0.7,9,6,96.74027202,51.27946844,20.88550993
221,1,0.6,0.7,10,6,115.3753346,38.3406359,23.66959277
222,3,0.6,0.7,10,6,112.8238498,52.51996582,23.66959277
223,1,0.6,0.9,8,6,88.50209349,19.10886636,18.36213224
224,3,0.6,0.9,8,6,86.15500648,33.98243762,18.36213224
225,1,0.6,0.9,9,6,100.4569203,22.88844563,21.07991317
226,3,0.6,0.9,9,6,98.68531838,31.56693378,21.07991317
227,1,0.6,0.9,10,6,104.8635762,23.7854346,23.8861639
228,3,0.6,0.9,10,6,106.5781243,47.0629135,23.8861639
229,1,0.6,1.1,8,6,79.71376684,25.91030756,18.53446871
230,3,0.6,1.1,8,6,82.5777864,25.38797031,18.53446871
231,1,0.6,1.1,9,6,99.3402923,29.69244935,21.27426653
232,3,0.6,1.1,9,6,90.22033203,32.00071473,21.27426653
233,1,0.6,1.1,10,6,97.13265206,25.32549715,24.1026702
234,3,0.6,1.1,10,6,97.95483744,29.05842423,24.1026702
235,1,0.6,1.3,8,6,87.3600228,18.47769229,18.70676915
236,3,0.6,1.3,8,6,85.25017196,19.41368214,18.70676915
237,1,0.6,1.3,9,6,104.5556892,40.01707997,21.46857138
238,3,0.6,1.3,9,6,100.7292068,36.22332765,21.46857138
239,1,0.6,1.3,10,6,97.95724184,21.93767065,24.31911344
240,3,0.6,1.3,10,6,92.7810718,21.65129699,24.31911344
241,1,0.6,0.7,8,6.4,86.53162882,26.25681881,18.53446871
242,3,0.6,0.7,8,6.4,85.89899034,37.01435067,18.53446871
243,1,0.6,0.7,9,6.4,98.30250826,29.45794047,21.27426653
244,3,0.6,0.7,9,6.4,103.0328176,57.61196265,21.27426653
245,1,0.6,0.7,10,6.4,115.1141613,47.0682716,24.1026702
246,3,0.6,0.7,10,6.4,107.8468107,46.67844419,24.1026702
247,1,0.6,0.9,8,6.4,95.05090299,25.45658066,18.70676915
248,3,0.6,0.9,8,6.4,93.03113057,40.57645696,18.70676915
249,1,0.6,0.9,9,6.4,104.754174,32.97871717,21.46857138
250,3,0.6,0.9,9,6.4,107.6074943,45.80728482,21.46857138
251,1,0.6,0.9,10,6.4,108.2051676,46.11313924,24.31911344
252,3,0.6,0.9,10,6.4,109.8693411,49.09974717,24.31911344
253,1,0.6,1.1,8,6.4,89.13163037,17.00300724,18.87903457
254,3,0.6,1.1,8,6.4,86.09417532,33.94076846,18.87903457
255,1,0.6,1.1,9,6.4,97.71337767,22.38380142,21.66282905
256,3,0.6,1.1,9,6.4,96.79415334,32.7669555,21.66282905
257,1,0.6,1.1,10,6.4,106.3026963,25.49933217,24.53549533
258,3,0.6,1.1,10,6.4,105.2075137,33.57164942,24.53549533
259,1,0.6,1.3,8,6.4,87.72682513,15.53962174,19.05126592
260,3,0.6,1.3,8,6.4,88.51086227,21.96752655,19.05126592
261,1,0.6,1.3,9,6.4,94.2162256,34.13902546,21.85704081
262,3,0.6,1.3,9,6.4,91.01257868,22.66185678,21.85704081
263,1,0.6,1.3,10,6.4,106.0077888,32.3562848,24.75181749
264,3,0.6,1.3,10,6.4,104.7795293,40.02566971,24.75181749
265,1,0.6,0.7,8,6.8,93.19146703,40.82815901,18.87903457
266,3,0.6,0.7,8,6.8,95.1041706,47.85851858,18.87903457
267,1,0.6,0.7,9,6.8,109.6098043,43.63795533,21.66282905
268,3,0.6,0.7,9,6.8,109.6434032,58.98273767,21.66282905
269,1,0.6,0.7,10,6.8,133.8879475,31.87630437,24.53549533
270,3,0.6,0.7,10,6.8,132.0564421,58.63637562,24.53549533
271,1,0.6,0.9,8,6.8,94.08767869,29.45357428,19.05126592
272,3,0.6,0.9,8,6.8,92.76431614,35.80045697,19.05126592
273,1,0.6,0.9,9,6.8,107.7080999,33.87869563,21.85704081
274,3,0.6,0.9,9,6.8,112.9779079,40.23358407,21.85704081
275,1,0.6,0.9,10,6.8,125.6622461,49.64509797,24.75181749
276,3,0.6,0.9,10,6.8,128.9344853,62.68467611,24.75181749
277,1,0.6,1.1,8,6.8,94.82233503,20.08296722,19.22346413
278,3,0.6,1.1,8,6.8,96.76131297,31.92956303,19.22346413
279,1,0.6,1.1,9,6.8,97.49506458,27.37075176,22.0512079
280,3,0.6,1.1,9,6.8,94.87084394,33.18663382,22.0512079
281,1,0.6,1.1,10,6.8,122.5686808,34.57231695,24.96808152
282,3,0.6,1.1,10,6.8,120.0771441,33.11972553,24.96808152
283,1,0.6,1.3,8,6.8,93.43700874,24.41243645,19.3956301
284,3,0.6,1.3,8,6.8,95.74193504,26.8299056,19.3956301
285,1,0.6,1.3,9,6.8,102.2442117,30.68313044,22.2453315
286,3,0.6,1.3,9,6.8,95.51996234,28.73430591,22.2453315
287,1,0.6,1.3,10,6.8,120.0208906,31.09774406,25.18428894
288,3,0.6,1.3,10,6.8,119.8503523,39.46124774,25.18428894
289,1,0.7,0.7,8,4.8,67.86573649,38.95412385,17.15467555
290,3,0.7,0.7,8,4.8,62.86583871,34.39321569,17.15467555
291,1,0.7,0.7,9,4.8,77.74011418,41.77500207,19.71795869
292,3,0.7,0.7,9,4.8,73.33639518,41.95427596,19.71795869
293,1,0.7,0.7,10,4.8,84.97209532,58.3541807,22.368697
294,3,0.7,0.7,10,4.8,81.46262896,60.69761642,22.368697
295,1,0.7,0.9,8,4.8,66.14390738,33.62697877,17.32729571
296,3,0.7,0.9,8,4.8,66.43379591,23.59776429,17.32729571
297,1,0.7,0.9,9,4.8,75.61054617,34.47807295,19.91269334
298,3,0.7,0.9,9,4.8,73.53992484,40.06909503,19.91269334
299,1,0.7,0.9,10,4.8,79.99519729,28.72172562,22.58569814
300,3,0.7,0.9,10,4.8,80.32561106,36.38987595,22.58569814
301,1,0.7,1.1,8,4.8,64.74258236,29.03158221,17.49987165
302,3,0.7,1.1,8,4.8,65.67624629,29.72959994,17.49987165
303,1,0.7,1.1,9,4.8,71.04831815,32.71115425,20.10736863
304,3,0.7,1.1,9,4.8,69.77013586,35.0798328,20.10736863
305,1,0.7,1.1,10,4.8,76.10623292,24.48355057,22.80262232
306,3,0.7,1.1,10,4.8,76.75781803,32.47933598,22.80262232
307,1,0.7,1.3,8,4.8,65.68916048,21.25308907,17.67240468
308,3,0.7,1.3,8,4.8,67.07644059,27.5578042,17.67240468
309,1,0.7,1.3,9,4.8,76.75659498,38.71255347,20.30198629
310,3,0.7,1.3,9,4.8,75.25660858,38.02084964,20.30198629
311,1,0.7,1.3,10,4.8,74.96477024,20.10140544,23.01947179
312,3,0.7,1.3,10,4.8,73.94544075,23.8068578,23.01947179
313,1,0.7,0.7,8,5.2,80.84654302,51.33878782,17.49987165
314,3,0.7,0.7,8,5.2,81.05464712,46.58605451,17.49987165
315,1,0.7,0.7,9,5.2,81.06161583,54.418241,20.10736863
316,3,0.7,0.7,9,5.2,80.76539279,65.93523906,20.10736863
317,1,0.7,0.7,10,5.2,91.65228237,53.31187868,22.80262232
318,3,0.7,0.7,10,5.2,89.9491274,61.21894838,22.80262232
319,1,0.7,0.9,8,5.2,76.12505923,38.80736704,17.67240468
320,3,0.7,0.9,8,5.2,74.09653631,30.93547987,17.67240468
321,1,0.7,0.9,9,5.2,86.90911532,45.66222306,20.30198629
322,3,0.7,0.9,9,5.2,86.11903546,57.04678421,20.30198629
323,1,0.7,0.9,10,5.2,84.81075687,30.04478333,23.01947179
324,3,0.7,0.9,10,5.2,86.6272919,28.66482654,23.01947179
325,1,0.7,1.1,8,5.2,75.36353322,37.39199226,17.84489606
326,3,0.7,1.1,8,5.2,76.61240561,35.56504795,17.84489606
327,1,0.7,1.1,9,5.2,81.54851574,38.0454901,20.496548
328,3,0.7,1.1,9,5.2,82.82494686,34.07345492,20.496548
329,1,0.7,1.1,10,5.2,81.11444762,26.71804752,23.23624866
330,3,0.7,1.1,10,5.2,83.42057231,25.75347535,23.23624866
331,1,0.7,1.3,8,5.2,70.72399462,22.86520662,18.01734701
332,3,0.7,1.3,8,5.2,72.49600378,30.5899433,18.01734701
333,1,0.7,1.3,9,5.2,81.47473988,37.88767685,20.69105537
334,3,0.7,1.3,9,5.2,78.49196227,33.00116074,20.69105537
335,1,0.7,1.3,10,5.2,79.43019033,23.36617133,23.45295499
336,3,0.7,1.3,10,5.2,72.03827521,22.40750473,23.45295499
337,1,0.7,0.7,8,5.6,83.72357715,53.36233478,17.84489606
338,3,0.7,0.7,8,5.6,84.44937565,61.18276997,17.84489606
339,1,0.7,0.7,9,5.6,99.03806288,56.39335475,20.496548
340,3,0.7,0.7,9,5.6,92.88235038,62.89333474,20.496548
341,1,0.7,0.7,10,5.6,90.24734308,53.62705992,23.23624866
342,3,0.7,0.7,10,5.6,84.15942653,49.11585962,23.23624866
343,1,0.7,0.9,8,5.6,84.25422352,36.09813489,18.01734701
344,3,0.7,0.9,8,5.6,86.55715597,40.07859081,18.01734701
345,1,0.7,0.9,9,5.6,91.08982812,48.58093118,20.69105537
346,3,0.7,0.9,9,5.6,88.22297303,55.48471712,20.69105537
347,1,0.7,0.9,10,5.6,96.36233124,37.8164864,23.45295499
348,3,0.7,0.9,10,5.6,87.4375249,34.93727768,23.45295499
349,1,0.7,1.1,8,5.6,80.98565411,33.05235629,18.1897587
350,3,0.7,1.1,8,5.6,83.93742685,34.42065111,18.1897587
351,1,0.7,1.1,9,5.6,87.10433233,31.00264337,20.88550993
352,3,0.7,1.1,9,5.6,88.42990961,38.90086256,20.88550993
353,1,0.7,1.1,10,5.6,103.4175605,34.20074235,23.66959277
354,3,0.7,1.1,10,5.6,97.54064343,36.88765565,23.66959277
355,1,0.7,1.3,8,5.6,75.22309353,32.19462981,18.36213224
356,3,0.7,1.3,8,5.6,79.69334194,37.19194083,18.36213224
357,1,0.7,1.3,9,5.6,89.44650706,25.8234797,21.07991317
358,3,0.7,1.3,9,5.6,85.53938912,29.52907203,21.07991317
359,1,0.7,1.3,10,5.6,98.95129067,36.61233936,23.8861639
360,3,0.7,1.3,10,5.6,92.84245215,32.63490809,23.8861639
361,1,0.7,0.7,8,6,91.63608216,63.26902598,18.1897587
362,3,0.7,0.7,8,6,94.98037256,60.56283167,18.1897587
363,1,0.7,0.7,9,6,100.3547355,55.48893085,20.88550993
364,3,0.7,0.7,9,6,96.99946602,67.36226241,20.88550993
365,1,0.7,0.7,10,6,117.5510125,53.92832971,23.66959277
366,3,0.7,0.7,10,6,115.0263342,71.48878744,23.66959277
367,1,0.7,0.9,8,6,87.28305414,47.06654912,18.36213224
368,3,0.7,0.9,8,6,85.02473876,48.98466375,18.36213224
369,1,0.7,0.9,9,6,101.4535084,49.11224524,21.07991317
370,3,0.7,0.9,9,6,100.2628773,50.72082193,21.07991317
371,1,0.7,0.9,10,6,105.7629808,50.93997267,23.8861639
372,3,0.7,0.9,10,6,102.3059216,56.18937605,23.8861639
373,1,0.7,1.1,8,6,79.76493469,38.66028649,18.53446871
374,3,0.7,1.1,8,6,81.34474595,33.72585162,18.53446871
375,1,0.7,1.1,9,6,85.51347859,35.15349276,21.27426653
376,3,0.7,1.1,9,6,85.80736722,30.38781744,21.27426653
377,1,0.7,1.1,10,6,101.4976186,41.46169048,24.1026702
378,3,0.7,1.1,10,6,100.7230271,45.32296498,24.1026702
379,1,0.7,1.3,8,6,83.80363126,33.05051155,18.70676915
380,3,0.7,1.3,8,6,86.18469453,38.97250691,18.70676915
381,1,0.7,1.3,9,6,88.81304029,35.20604283,21.46857138
382,3,0.7,1.3,9,6,84.13302928,27.34632869,21.46857138
383,1,0.7,1.3,10,6,103.384694,42.33468204,24.31911344
384,3,0.7,1.3,10,6,105.1276128,50.63039022,24.31911344
385,1,0.7,0.7,8,6.4,95.50818578,44.90880544,18.53446871
386,3,0.7,0.7,8,6.4,90.58770311,49.19954407,18.53446871
387,1,0.7,0.7,9,6.4,106.6201629,55.75377571,21.27426653
388,3,0.7,0.7,9,6.4,105.2227072,74.42129721,21.27426653
389,1,0.7,0.7,10,6.4,118.1558685,68.49272379,24.1026702
390,3,0.7,0.7,10,6.4,114.112875,84.93184708,24.1026702
391,1,0.7,0.9,8,6.4,89.75541251,34.03754615,18.70676915
392,3,0.7,0.9,8,6.4,84.70644375,37.88291162,18.70676915
393,1,0.7,0.9,9,6.4,108.4121919,68.9955101,21.46857138
394,3,0.7,0.9,9,6.4,109.7682678,69.67466863,21.46857138
395,1,0.7,0.9,10,6.4,118.9291116,66.1754203,24.31911344
396,3,0.7,0.9,10,6.4,123.137973,79.11035359,24.31911344
397,1,0.7,1.1,8,6.4,86.96075153,34.32803696,18.87903457
398,3,0.7,1.1,8,6.4,83.0002435,38.58937845,18.87903457
399,1,0.7,1.1,9,6.4,102.5055892,48.69556541,21.66282905
400,3,0.7,1.1,9,6.4,105.6381387,56.33898747,21.66282905
401,1,0.7,1.1,10,6.4,109.5056034,52.75030193,24.53549533
402,3,0.7,1.1,10,6.4,114.7423131,51.60142125,24.53549533
403,1,0.7,1.3,8,6.4,87.54403453,24.48885928,19.05126592
404,3,0.7,1.3,8,6.4,91.97562549,29.80740282,19.05126592
405,1,0.7,1.3,9,6.4,97.77232161,46.24123475,21.85704081
406,3,0.7,1.3,9,6.4,100.3723989,50.29780656,21.85704081
407,1,0.7,1.3,10,6.4,109.3049539,43.75853306,24.75181749
408,3,0.7,1.3,10,6.4,103.9280197,44.33373761,24.75181749
409,1,0.7,0.7,8,6.8,92.92172058,63.75542016,18.87903457
410,3,0.7,0.7,8,6.8,85.867137,73.82792836,18.87903457
411,1,0.7,0.7,9,6.8,122.4020411,73.59367748,21.66282905
412,3,0.7,0.7,9,6.8,119.9771116,77.63783345,21.66282905
413,1,0.7,0.7,10,6.8,128.3504879,77.43167047,24.53549533
414,3,0.7,0.7,10,6.8,122.6340084,81.96889578,24.53549533
415,1,0.7,0.9,8,6.8,95.21589186,42.66891893,19.05126592
416,3,0.7,0.9,8,6.8,105.7069108,59.64431649,19.05126592
417,1,0.7,0.9,9,6.8,121.350158,67.23532157,21.85704081
418,3,0.7,0.9,9,6.8,120.1008174,77.61844453,21.85704081
419,1,0.7,0.9,10,6.8,128.2431293,67.19926299,24.75181749
420,3,0.7,0.9,10,6.8,130.1381811,80.48127149,24.75181749
421,1,0.7,1.1,8,6.8,97.59625413,42.45498902,19.22346413
422,3,0.7,1.1,8,6.8,101.4125383,43.15143307,19.22346413
423,1,0.7,1.1,9,6.8,108.3218481,49.29358351,22.0512079
424,3,0.7,1.1,9,6.8,111.4814302,60.48612216,22.0512079
425,1,0.7,1.1,10,6.8,121.8035349,53.14276957,24.96808152
426,3,0.7,1.1,10,6.8,123.0214312,54.41366783,24.96808152
427,1,0.7,1.3,8,6.8,94.93244078,43.38126447,19.3956301
428,3,0.7,1.3,8,6.8,97.60655842,53.1029875,19.3956301
429,1,0.7,1.3,9,6.8,104.6807915,44.04834713,22.2453315
430,3,0.7,1.3,9,6.8,114.445286,50.60105009,22.2453315
431,1,0.7,1.3,10,6.8,114.9452801,41.69323305,25.18428894
432,3,0.7,1.3,10,6.8,111.5540238,48.11285121,25.18428894
433,1,0.8,0.7,8,4.8,72.63184318,47.0962796,17.15467555
434,3,0.8,0.7,8,4.8,67.49713961,34.16104437,17.15467555
435,1,0.8,0.7,9,4.8,76.19842529,64.77379274,19.71795869
436,3,0.8,0.7,9,4.8,75.27886397,46.4412204,19.71795869
437,1,0.8,0.7,10,4.8,96.17044175,67.11544381,22.368697
438,3,0.8,0.7,10,4.8,87.73687387,49.33062813,22.368697
439,1,0.8,0.9,8,4.8,72.38930991,43.31516237,17.32729571
440,3,0.8,0.9,8,4.8,68.51504483,29.17969202,17.32729571
441,1,0.8,0.9,9,4.8,74.78180088,49.16182433,19.91269334
442,3,0.8,0.9,9,4.8,75.28899331,32.42520441,19.91269334
443,1,0.8,0.9,10,4.8,88.87962834,56.95482828,22.58569814
444,3,0.8,0.9,10,4.8,82.96002922,39.68546613,22.58569814
445,1,0.8,1.1,8,4.8,70.95739868,35.89915784,17.49987165
446,3,0.8,1.1,8,4.8,67.82643597,21.98862327,17.49987165
447,1,0.8,1.1,9,4.8,71.15446991,35.6183663,20.10736863
448,3,0.8,1.1,9,4.8,74.39895887,28.88699747,20.10736863
449,1,0.8,1.1,10,4.8,85.69975769,43.81049893,22.80262232
450,3,0.8,1.1,10,4.8,80.95027954,33.73048025,22.80262232
451,1,0.8,1.3,8,4.8,66.47104254,29.22628744,17.67240468
452,3,0.8,1.3,8,4.8,63.74889544,21.2231063,17.67240468
453,1,0.8,1.3,9,4.8,73.27928641,37.43444169,20.30198629
454,3,0.8,1.3,9,4.8,68.96047823,20.48888451,20.30198629
455,1,0.8,1.3,10,4.8,79.05023949,42.07018273,23.01947179
456,3,0.8,1.3,10,4.8,78.22810783,29.13325801,23.01947179
457,1,0.8,0.7,8,5.2,84.26313374,60.76085617,17.49987165
458,3,0.8,0.7,8,5.2,76.98972162,45.26573411,17.49987165
459,1,0.8,0.7,9,5.2,83.41165862,68.23336891,20.10736863
460,3,0.8,0.7,9,5.2,80.46894791,50.15512049,20.10736863
461,1,0.8,0.7,10,5.2,103.5987397,73.45365004,22.80262232
462,3,0.8,0.7,10,5.2,98.05679764,50.43902069,22.80262232
463,1,0.8,0.9,8,5.2,76.2898314,52.97160672,17.67240468
464,3,0.8,0.9,8,5.2,75.03550171,35.472043,17.67240468
465,1,0.8,0.9,9,5.2,84.90390085,57.10218816,20.30198629
466,3,0.8,0.9,9,5.2,81.09844305,37.46977207,20.30198629
467,1,0.8,0.9,10,5.2,89.59767161,53.51985604,23.01947179
468,3,0.8,0.9,10,5.2,83.33524831,41.02889826,23.01947179
469,1,0.8,1.1,8,5.2,73.17263277,39.37061371,17.84489606
470,3,0.8,1.1,8,5.2,73.02351134,29.86229393,17.84489606
471,1,0.8,1.1,9,5.2,76.34719461,38.53504727,20.496548
472,3,0.8,1.1,9,5.2,83.86981393,34.05710121,20.496548
473,1,0.8,1.1,10,5.2,85.38434815,42.31528743,23.23624866
474,3,0.8,1.1,10,5.2,82.44635299,35.43591592,23.23624866
475,1,0.8,1.3,8,5.2,74.48719744,33.85037116,18.01734701
476,3,0.8,1.3,8,5.2,73.09905235,25.35128427,18.01734701
477,1,0.8,1.3,9,5.2,79.73979901,44.14504945,20.69105537
478,3,0.8,1.3,9,5.2,81.16041488,32.60109494,20.69105537
479,1,0.8,1.3,10,5.2,85.38456664,49.45017606,23.45295499
480,3,0.8,1.3,10,5.2,85.16550332,38.50882047,23.45295499
481,1,0.8,0.7,8,5.6,83.12737513,62.83034759,17.84489606
482,3,0.8,0.7,8,5.6,86.59019789,57.62558195,17.84489606
483,1,0.8,0.7,9,5.6,90.64203289,76.13113443,20.496548
484,3,0.8,0.7,9,5.6,87.11603149,57.71953532,20.496548
485,1,0.8,0.7,10,5.6,106.1876504,71.71791687,23.23624866
486,3,0.8,0.7,10,5.6,95.25486065,61.34160631,23.23624866
487,1,0.8,0.9,8,5.6,88.18643068,57.34429897,18.01734701
488,3,0.8,0.9,8,5.6,83.40636684,39.36215152,18.01734701
489,1,0.8,0.9,9,5.6,94.10613973,73.38778819,20.69105537
490,3,0.8,0.9,9,5.6,90.44077185,50.76848118,20.69105537
491,1,0.8,0.9,10,5.6,99.76615512,67.35173485,23.45295499
492,3,0.8,0.9,10,5.6,96.41168038,60.92516049,23.45295499
493,1,0.8,1.1,8,5.6,83.65933787,54.77021899,18.1897587
494,3,0.8,1.1,8,5.6,81.36523943,40.17655632,18.1897587
495,1,0.8,1.1,9,5.6,97.908577,60.1896129,20.88550993
496,3,0.8,1.1,9,5.6,91.57952539,43.85742831,20.88550993
497,1,0.8,1.1,10,5.6,100.0201055,54.44867869,23.66959277
498,3,0.8,1.1,10,5.6,94.44766467,46.34573838,23.66959277
499,1,0.8,1.3,8,5.6,80.49313615,40.45806396,18.36213224
500,3,0.8,1.3,8,5.6,75.36218512,35.06702668,18.36213224
501,1,0.8,1.3,9,5.6,99.5380369,59.97433452,21.07991317
502,3,0.8,1.3,9,5.6,93.83545067,39.31364975,21.07991317
503,1,0.8,1.3,10,5.6,97.70025981,42.92158985,23.8861639
504,3,0.8,1.3,10,5.6,92.57537968,32.45940902,23.8861639
505,1,0.8,0.7,8,6,95.50985861,73.22929522,18.1897587
506,3,0.8,0.7,8,6,94.79760087,56.82831662,18.1897587
507,1,0.8,0.7,9,6,107.7523949,96.09105112,20.88550993
508,3,0.8,0.7,9,6,102.9994961,79.9716982,20.88550993
509,1,0.8,0.7,10,6,108.8381779,89.1228983,23.66959277
510,3,0.8,0.7,10,6,105.6678879,72.83361472,23.66959277
511,1,0.8,0.9,8,6,96.11697255,71.55890799,18.36213224
512,3,0.8,0.9,8,6,89.62948604,48.24090875,18.36213224
513,1,0.8,0.9,9,6,110.5392981,83.60049789,21.07991317
514,3,0.8,0.9,9,6,108.9488227,64.68502325,21.07991317
515,1,0.8,0.9,10,6,105.3118341,61.40963901,23.8861639
516,3,0.8,0.9,10,6,103.8105143,48.66890412,23.8861639
517,1,0.8,1.1,8,6,86.16016667,48.82087564,18.53446871
518,3,0.8,1.1,8,6,86.29088013,42.77149939,18.53446871
519,1,0.8,1.1,9,6,101.4016101,48.3605094,21.27426653
520,3,0.8,1.1,9,6,100.0030244,45.63077096,21.27426653
521,1,0.8,1.1,10,6,105.3469278,55.93605921,24.1026702
522,3,0.8,1.1,10,6,99.70419403,44.72354204,24.1026702
523,1,0.8,1.3,8,6,89.75325364,48.16970536,18.70676915
524,3,0.8,1.3,8,6,81.70199391,47.69572007,18.70676915
525,1,0.8,1.3,9,6,96.44767202,47.45130093,21.46857138
526,3,0.8,1.3,9,6,93.0614933,46.78071335,21.46857138
527,1,0.8,1.3,10,6,104.6560138,65.55517607,24.31911344
528,3,0.8,1.3,10,6,100.8647725,50.02860703,24.31911344
529,1,0.8,0.7,8,6.4,99.62803649,74.60598676,18.53446871
530,3,0.8,0.7,8,6.4,96.52470126,73.54387669,18.53446871
531,1,0.8,0.7,9,6.4,114.0567606,86.61697859,21.27426653
532,3,0.8,0.7,9,6.4,116.356361,77.22210281,21.27426653
533,1,0.8,0.7,10,6.4,122.2086214,104.2310609,24.1026702
534,3,0.8,0.7,10,6.4,113.8398906,90.47761148,24.1026702
535,1,0.8,0.9,8,6.4,101.8276925,78.69712569,18.70676915
536,3,0.8,0.9,8,6.4,87.04553057,68.90153664,18.70676915
537,1,0.8,0.9,9,6.4,113.9048001,71.27349001,21.46857138
538,3,0.8,0.9,9,6.4,117.8776953,65.64193168,21.46857138
539,1,0.8,0.9,10,6.4,118.990671,91.95943242,24.31911344
540,3,0.8,0.9,10,6.4,114.6971343,69.31288735,24.31911344
541,1,0.8,1.1,8,6.4,97.66764254,64.24791439,18.87903457
542,3,0.8,1.1,8,6.4,92.89002529,59.57395696,18.87903457
543,1,0.8,1.1,9,6.4,104.0785798,65.96150791,21.66282905
544,3,0.8,1.1,9,6.4,106.1273559,63.79509888,21.66282905
545,1,0.8,1.1,10,6.4,123.5857227,76.15099994,24.53549533
546,3,0.8,1.1,10,6.4,118.6450672,61.6029947,24.53549533
547,1,0.8,1.3,8,6.4,97.95073007,56.56444325,19.05126592
548,3,0.8,1.3,8,6.4,100.4561488,51.03100918,19.05126592
549,1,0.8,1.3,9,6.4,104.0773988,63.33542337,21.85704081
550,3,0.8,1.3,9,6.4,103.5664834,63.16594353,21.85704081
551,1,0.8,1.3,10,6.4,121.5958467,71.18996624,24.75181749
552,3,0.8,1.3,10,6.4,117.6080888,50.53475124,24.75181749
553,1,0.8,0.7,8,6.8,102.9841623,89.31599309,18.87903457
554,3,0.8,0.7,8,6.8,93.55562282,88.36032323,18.87903457
555,1,0.8,0.7,9,6.8,120.7648527,92.38518845,21.66282905
556,3,0.8,0.7,9,6.8,119.6317317,94.91046256,21.66282905
557,1,0.8,0.7,10,6.8,140.262565,135.1668935,24.53549533
558,3,0.8,0.7,10,6.8,134.9888882,105.130158,24.53549533
559,1,0.8,0.9,8,6.8,94.93014186,76.64508239,19.05126592
560,3,0.8,0.9,8,6.8,89.56826187,77.72648581,19.05126592
561,1,0.8,0.9,9,6.8,113.3060756,101.1900921,21.85704081
562,3,0.8,0.9,9,6.8,115.1649457,106.482984,21.85704081
563,1,0.8,0.9,10,6.8,140.9474679,103.7543551,24.75181749
564,3,0.8,0.9,10,6.8,134.5012703,87.360304,24.75181749
565,1,0.8,1.1,8,6.8,103.5100706,55.90331127,19.22346413
566,3,0.8,1.1,8,6.8,97.62338664,58.2857352,19.22346413
567,1,0.8,1.1,9,6.8,109.9265074,79.7893518,22.0512079
568,3,0.8,1.1,9,6.8,105.0041431,80.02229054,22.0512079
569,1,0.8,1.1,10,6.8,132.6287816,87.97539335,24.96808152
570,3,0.8,1.1,10,6.8,128.3572779,77.60467716,24.96808152
571,1,0.8,1.3,8,6.8,99.67474059,57.73168274,19.3956301
572,3,0.8,1.3,8,6.8,96.18935697,61.62967481,19.3956301
573,1,0.8,1.3,9,6.8,115.6511616,77.83998388,22.2453315
574,3,0.8,1.3,9,6.8,115.6861419,81.28004544,22.2453315
575,1,0.8,1.3,10,6.8,127.9519632,73.67284587,25.18428894
576,3,0.8,1.3,10,6.8,126.7765655,69.12586513,25.18428894
577,2.2,0.5,0.7,8,4.8,51.14000757,41.09660441,17.15467555
578,2.5,0.5,0.7,8,4.8,52.08752065,42.93613726,17.15467555
579,2.8,0.5,0.7,8,4.8,54.4521981,40.59397035,17.15467555
580,2.2,0.5,0.7,9,4.8,66.93686449,30.87311725,19.71795869
581,2.5,0.5,0.7,9,4.8,67.93861717,35.13340096,19.71795869
582,2.8,0.5,0.7,9,4.8,65.42781712,40.92909892,19.71795869
583,2.2,0.5,0.7,10,4.8,72.8961309,31.93356155,22.368697
584,2.5,0.5,0.7,10,4.8,77.88908259,38.05922167,22.368697
585,2.8,0.5,0.7,10,4.8,77.22317139,41.95784276,22.368697
586,2.2,0.5,0.9,8,4.8,59.92364876,27.41014556,17.32729571
587,2.5,0.5,0.9,8,4.8,58.79931528,25.05069626,17.32729571
588,2.8,0.5,0.9,8,4.8,57.13501608,30.72529088,17.32729571
589,2.2,0.5,0.9,9,4.8,69.48491484,25.1966383,19.91269334
590,2.5,0.5,0.9,9,4.8,74.25899646,29.2887155,19.91269334
591,2.8,0.5,0.9,9,4.8,70.17028503,29.92486573,19.91269334
592,2.2,0.5,0.9,10,4.8,73.96905557,22.76089371,22.58569814
593,2.5,0.5,0.9,10,4.8,76.46004019,32.6550298,22.58569814
594,2.8,0.5,0.9,10,4.8,75.14358733,35.51688759,22.58569814
595,2.2,0.5,1.1,8,4.8,58.59495817,23.81357968,17.49987165
596,2.5,0.5,1.1,8,4.8,57.77019152,26.00037639,17.49987165
597,2.8,0.5,1.1,8,4.8,59.58254766,29.85290561,17.49987165
598,2.2,0.5,1.1,9,4.8,68.55163265,22.38948936,20.10736863
599,2.5,0.5,1.1,9,4.8,64.27467357,23.06898078,20.10736863
600,2.8,0.5,1.1,9,4.8,64.56650255,25.68135146,20.10736863
601,2.2,0.5,1.1,10,4.8,73.14579732,27.63500332,22.80262232
602,2.5,0.5,1.1,10,4.8,72.92444286,29.72769583,22.80262232
603,2.8,0.5,1.1,10,4.8,72.84803367,33.82478586,22.80262232
604,2.2,0.5,1.3,8,4.8,60.60859136,21.40648415,17.67240468
605,2.5,0.5,1.3,8,4.8,58.32296566,22.68579046,17.67240468
606,2.8,0.5,1.3,8,4.8,60.51797808,26.15770834,17.67240468
607,2.2,0.5,1.3,9,4.8,62.49495039,18.62512447,20.30198629
608,2.5,0.5,1.3,9,4.8,64.7926848,21.59424461,20.30198629
609,2.8,0.5,1.3,9,4.8,63.72259573,23.54556838,20.30198629
610,2.2,0.5,1.3,10,4.8,74.17825383,29.04649379,23.01947179
611,2.5,0.5,1.3,10,4.8,74.9901203,29.88328879,23.01947179
612,2.8,0.5,1.3,10,4.8,74.37159879,29.88946324,23.01947179
613,2.2,0.5,0.7,8,5.2,57.97920001,41.62190219,17.49987165
614,2.5,0.5,0.7,8,5.2,56.73423514,40.24685436,17.49987165
615,2.8,0.5,0.7,8,5.2,60.86998379,48.18877793,17.49987165
616,2.2,0.5,0.7,9,5.2,82.06662364,34.87212364,20.10736863
617,2.5,0.5,0.7,9,5.2,78.40836032,33.92811144,20.10736863
618,2.8,0.5,0.7,9,5.2,76.07704319,38.17981229,20.10736863
619,2.2,0.5,0.7,10,5.2,84.78692378,43.42785218,22.80262232
620,2.5,0.5,0.7,10,5.2,89.32792302,48.55450869,22.80262232
621,2.8,0.5,0.7,10,5.2,85.09819211,60.21454536,22.80262232
622,2.2,0.5,0.9,8,5.2,62.29882869,24.92419276,17.67240468
623,2.5,0.5,0.9,8,5.2,60.01481021,27.25434261,17.67240468
624,2.8,0.5,0.9,8,5.2,60.65750438,30.62738079,17.67240468
625,2.2,0.5,0.9,9,5.2,71.00870146,28.94262929,20.30198629
626,2.5,0.5,0.9,9,5.2,78.03683415,37.50199133,20.30198629
627,2.8,0.5,0.9,9,5.2,75.07983653,38.11652533,20.30198629
628,2.2,0.5,0.9,10,5.2,89.86854237,41.64183917,23.01947179
629,2.5,0.5,0.9,10,5.2,84.19175329,43.21590635,23.01947179
630,2.8,0.5,0.9,10,5.2,80.94720328,45.87644871,23.01947179
631,2.2,0.5,1.1,8,5.2,65.18808167,22.32246615,17.84489606
632,2.5,0.5,1.1,8,5.2,65.06631246,26.53727264,17.84489606
633,2.8,0.5,1.1,8,5.2,65.53562258,25.21279431,17.84489606
634,2.2,0.5,1.1,9,5.2,71.40722204,25.35254941,20.496548
635,2.5,0.5,1.1,9,5.2,72.22221071,25.04836957,20.496548
636,2.8,0.5,1.1,9,5.2,74.20405196,30.43774055,20.496548
637,2.2,0.5,1.1,10,5.2,80.52470057,31.36448223,23.23624866
638,2.5,0.5,1.1,10,5.2,83.03146165,38.91255849,23.23624866
639,2.8,0.5,1.1,10,5.2,77.33276746,38.58767415,23.23624866
640,2.2,0.5,1.3,8,5.2,64.06972243,18.26369357,18.01734701
641,2.5,0.5,1.3,8,5.2,67.52643248,22.2585117,18.01734701
642,2.8,0.5,1.3,8,5.2,65.51682738,21.59059321,18.01734701
643,2.2,0.5,1.3,9,5.2,71.42591195,25.48272902,20.69105537
644,2.5,0.5,1.3,9,5.2,72.06407115,21.06569188,20.69105537
645,2.8,0.5,1.3,9,5.2,69.2720173,21.31166173,20.69105537
646,2.2,0.5,1.3,10,5.2,82.33286493,22.26851074,23.45295499
647,2.5,0.5,1.3,10,5.2,78.80775606,24.75860587,23.45295499
648,2.8,0.5,1.3,10,5.2,79.0572624,24.13179404,23.45295499
649,2.2,0.5,0.7,8,5.6,78.67456842,31.7005268,17.84489606
650,2.5,0.5,0.7,8,5.6,79.72845497,37.21740452,17.84489606
651,2.8,0.5,0.7,8,5.6,77.64180825,40.72254002,17.84489606
652,2.2,0.5,0.7,9,5.6,75.97549634,36.67705164,20.496548
653,2.5,0.5,0.7,9,5.6,82.39183449,48.22658437,20.496548
654,2.8,0.5,0.7,9,5.6,76.71811205,50.83406762,20.496548
655,2.2,0.5,0.7,10,5.6,87.39825304,50.17091826,23.23624866
656,2.5,0.5,0.7,10,5.6,92.13836135,49.39191711,23.23624866
657,2.8,0.5,0.7,10,5.6,87.0516071,57.94672451,23.23624866
658,2.2,0.5,0.9,8,5.6,73.14471739,26.31786619,18.01734701
659,2.5,0.5,0.9,8,5.6,74.19502377,31.04146827,18.01734701
660,2.8,0.5,0.9,8,5.6,75.46763572,35.43443308,18.01734701
661,2.2,0.5,0.9,9,5.6,74.74466222,27.34095667,20.69105537
662,2.5,0.5,0.9,9,5.6,76.01842421,30.31436992,20.69105537
663,2.8,0.5,0.9,9,5.6,74.84450567,33.97918306,20.69105537
664,2.2,0.5,0.9,10,5.6,94.80502259,29.28909778,23.45295499
665,2.5,0.5,0.9,10,5.6,91.40800807,36.7816167,23.45295499
666,2.8,0.5,0.9,10,5.6,85.63871079,38.10462804,23.45295499
667,2.2,0.5,1.1,8,5.6,71.10070129,18.8823236,18.1897587
668,2.5,0.5,1.1,8,5.6,65.89360191,24.02562859,18.1897587
669,2.8,0.5,1.1,8,5.6,68.19190125,26.14960811,18.1897587
670,2.2,0.5,1.1,9,5.6,82.61527235,22.23678699,20.88550993
671,2.5,0.5,1.1,9,5.6,85.5734674,28.13438017,20.88550993
672,2.8,0.5,1.1,9,5.6,88.28083053,35.4870603,20.88550993
673,2.2,0.5,1.1,10,5.6,94.77235307,30.69817803,23.66959277
674,2.5,0.5,1.1,10,5.6,94.32812376,31.36618232,23.66959277
675,2.8,0.5,1.1,10,5.6,93.84842754,34.29108381,23.66959277
676,2.2,0.5,1.3,8,5.6,73.20980154,19.10094642,18.36213224
677,2.5,0.5,1.3,8,5.6,72.90467632,22.67964704,18.36213224
678,2.8,0.5,1.3,8,5.6,67.93190078,21.8028486,18.36213224
679,2.2,0.5,1.3,9,5.6,80.27193913,17.17763032,21.07991317
680,2.5,0.5,1.3,9,5.6,75.52302333,22.36147549,21.07991317
681,2.8,0.5,1.3,9,5.6,75.27213024,26.11818185,21.07991317
682,2.2,0.5,1.3,10,5.6,85.99782085,23.17135465,23.8861639
683,2.5,0.5,1.3,10,5.6,86.72532472,23.28302219,23.8861639
684,2.8,0.5,1.3,10,5.6,84.39058155,30.22159098,23.8861639
685,2.2,0.5,0.7,8,6,79.23808768,39.54854413,18.1897587
686,2.5,0.5,0.7,8,6,77.46454627,40.16240067,18.1897587
687,2.8,0.5,0.7,8,6,78.61602412,42.89707871,18.1897587
688,2.2,0.5,0.7,9,6,89.95657883,31.89117919,20.88550993
689,2.5,0.5,0.7,9,6,92.27145828,45.67116754,20.88550993
690,2.8,0.5,0.7,9,6,92.80306911,40.91304881,20.88550993
691,2.2,0.5,0.7,10,6,100.7792413,47.19804604,23.66959277
692,2.5,0.5,0.7,10,6,101.7257747,50.71938397,23.66959277
693,2.8,0.5,0.7,10,6,96.93210514,53.19812908,23.66959277
694,2.2,0.5,0.9,8,6,80.70718213,27.37308682,18.36213224
695,2.5,0.5,0.9,8,6,78.86328251,32.43930828,18.36213224
696,2.8,0.5,0.9,8,6,79.59264663,35.40649481,18.36213224
697,2.2,0.5,0.9,9,6,95.94080442,29.65071799,21.07991317
698,2.5,0.5,0.9,9,6,93.12919974,35.95588675,21.07991317
699,2.8,0.5,0.9,9,6,94.79936946,38.79863424,21.07991317
700,2.2,0.5,0.9,10,6,94.02276523,31.98428772,23.8861639
701,2.5,0.5,0.9,10,6,94.67117374,37.90794224,23.8861639
702,2.8,0.5,0.9,10,6,89.6304432,45.319069,23.8861639
703,2.2,0.5,1.1,8,6,76.89554811,26.54166364,18.53446871
704,2.5,0.5,1.1,8,6,72.00369729,27.42258579,18.53446871
705,2.8,0.5,1.1,8,6,73.45772304,31.65236219,18.53446871
706,2.2,0.5,1.1,9,6,84.52176655,36.76360443,21.27426653
707,2.5,0.5,1.1,9,6,87.89965649,38.79954131,21.27426653
708,2.8,0.5,1.1,9,6,93.25725879,46.38091131,21.27426653
709,2.2,0.5,1.1,10,6,91.30711974,29.74116384,24.1026702
710,2.5,0.5,1.1,10,6,94.95432138,34.06761102,24.1026702
711,2.8,0.5,1.1,10,6,91.75935069,33.28088016,24.1026702
712,2.2,0.5,1.3,8,6,76.52800027,30.96759995,18.70676915
713,2.5,0.5,1.3,8,6,76.32167327,31.49221397,18.70676915
714,2.8,0.5,1.3,8,6,68.54607576,28.44457349,18.70676915
715,2.2,0.5,1.3,9,6,80.92010095,31.94739177,21.46857138
716,2.5,0.5,1.3,9,6,80.6946012,33.73473884,21.46857138
717,2.8,0.5,1.3,9,6,85.01744841,34.53291857,21.46857138
718,2.2,0.5,1.3,10,6,85.98327984,21.89538884,24.31911344
719,2.5,0.5,1.3,10,6,86.77704221,36.58250648,24.31911344
720,2.8,0.5,1.3,10,6,86.56581617,32.41928063,24.31911344
721,2.2,0.5,0.7,8,6.4,83.38173359,46.0980913,18.53446871
722,2.5,0.5,0.7,8,6.4,84.31299183,49.52327062,18.53446871
723,2.8,0.5,0.7,8,6.4,84.88128255,52.06280125,18.53446871
724,2.2,0.5,0.7,9,6.4,87.93601233,60.02710131,21.27426653
725,2.5,0.5,0.7,9,6.4,92.37643235,58.78879363,21.27426653
726,2.8,0.5,0.7,9,6.4,99.95773672,55.34557432,21.27426653
727,2.2,0.5,0.7,10,6.4,101.8366843,38.34137124,24.1026702
728,2.5,0.5,0.7,10,6.4,112.656197,44.53940164,24.1026702
729,2.8,0.5,0.7,10,6.4,108.1026008,44.00944444,24.1026702
730,2.2,0.5,0.9,8,6.4,85.20291966,36.92920654,18.70676915
731,2.5,0.5,0.9,8,6.4,85.66396069,38.97309467,18.70676915
732,2.8,0.5,0.9,8,6.4,83.86792761,41.97956133,18.70676915
733,2.2,0.5,0.9,9,6.4,91.99555296,35.03229001,21.46857138
734,2.5,0.5,0.9,9,6.4,103.0813202,48.31183388,21.46857138
735,2.8,0.5,0.9,9,6.4,106.8528468,52.72841111,21.46857138
736,2.2,0.5,0.9,10,6.4,103.9878203,27.75830295,24.31911344
737,2.5,0.5,0.9,10,6.4,106.7365526,33.58926669,24.31911344
738,2.8,0.5,0.9,10,6.4,110.3196001,32.9717968,24.31911344
739,2.2,0.5,1.1,8,6.4,80.55035865,23.17325445,18.87903457
740,2.5,0.5,1.1,8,6.4,83.33209888,27.24949641,18.87903457
741,2.8,0.5,1.1,8,6.4,79.94658245,40.28108316,18.87903457
742,2.2,0.5,1.1,9,6.4,91.49786673,25.65842114,21.66282905
743,2.5,0.5,1.1,9,6.4,93.89350651,28.35904092,21.66282905
744,2.8,0.5,1.1,9,6.4,96.65785801,31.66150937,21.66282905
745,2.2,0.5,1.1,10,6.4,104.9806789,27.28978011,24.53549533
746,2.5,0.5,1.1,10,6.4,100.2517474,33.72740241,24.53549533
747,2.8,0.5,1.1,10,6.4,100.0661907,37.21301496,24.53549533
748,2.2,0.5,1.3,8,6.4,95.05718113,25.75978034,19.05126592
749,2.5,0.5,1.3,8,6.4,90.75579813,31.25316735,19.05126592
750,2.8,0.5,1.3,8,6.4,90.11948413,31.13729014,19.05126592
751,2.2,0.5,1.3,9,6.4,91.93652949,27.18764472,21.85704081
752,2.5,0.5,1.3,9,6.4,93.67995665,31.87218942,21.85704081
753,2.8,0.5,1.3,9,6.4,95.89037664,34.7045729,21.85704081
754,2.2,0.5,1.3,10,6.4,103.8744418,25.42582968,24.75181749
755,2.5,0.5,1.3,10,6.4,102.039088,28.64408247,24.75181749
756,2.8,0.5,1.3,10,6.4,108.1184047,26.46246788,24.75181749
757,2.2,0.5,0.7,8,6.8,91.29134373,57.31052801,18.87903457
758,2.5,0.5,0.7,8,6.8,86.52411807,45.56774167,18.87903457
759,2.8,0.5,0.7,8,6.8,91.12410284,42.95953086,18.87903457
760,2.2,0.5,0.7,9,6.8,102.1515326,61.26686409,21.66282905
761,2.5,0.5,0.7,9,6.8,96.74229537,67.29331867,21.66282905
762,2.8,0.5,0.7,9,6.8,109.7590695,47.21527779,21.66282905
763,2.2,0.5,0.7,10,6.8,107.1439879,49.59266266,24.53549533
764,2.5,0.5,0.7,10,6.8,114.9549296,52.65843151,24.53549533
765,2.8,0.5,0.7,10,6.8,112.9623262,60.4010395,24.53549533
766,2.2,0.5,0.9,8,6.8,91.44497947,33.90548464,19.05126592
767,2.5,0.5,0.9,8,6.8,101.0657257,31.10563154,19.05126592
768,2.8,0.5,0.9,8,6.8,100.8729066,34.11704832,19.05126592
769,2.2,0.5,0.9,9,6.8,101.4842603,34.71061097,21.85704081
770,2.5,0.5,0.9,9,6.8,105.6287326,41.11975122,21.85704081
771,2.8,0.5,0.9,9,6.8,103.833448,40.42360665,21.85704081
772,2.2,0.5,0.9,10,6.8,112.9539573,49.56202763,24.75181749
773,2.5,0.5,0.9,10,6.8,109.5959607,50.1737579,24.75181749
774,2.8,0.5,0.9,10,6.8,108.1386348,48.86019393,24.75181749
775,2.2,0.5,1.1,8,6.8,97.16076462,32.7272044,19.22346413
776,2.5,0.5,1.1,8,6.8,96.59932132,33.45469245,19.22346413
777,2.8,0.5,1.1,8,6.8,87.44064112,37.46072701,19.22346413
778,2.2,0.5,1.1,9,6.8,99.29322707,34.5027374,22.0512079
779,2.5,0.5,1.1,9,6.8,101.4952854,40.30829869,22.0512079
780,2.8,0.5,1.1,9,6.8,102.7688915,42.67552903,22.0512079
781,2.2,0.5,1.1,10,6.8,107.2211711,35.65362527,24.96808152
782,2.5,0.5,1.1,10,6.8,104.7038625,36.94053169,24.96808152
783,2.8,0.5,1.1,10,6.8,106.3755838,39.283097,24.96808152
784,2.2,0.5,1.3,8,6.8,91.54563923,34.97824277,19.3956301
785,2.5,0.5,1.3,8,6.8,92.14346752,40.36147962,19.3956301
786,2.8,0.5,1.3,8,6.8,78.17970377,34.06467559,19.3956301
787,2.2,0.5,1.3,9,6.8,95.94296972,28.94035723,22.2453315
788,2.5,0.5,1.3,9,6.8,101.0828214,30.37515549,22.2453315
789,2.8,0.5,1.3,9,6.8,99.70405964,35.09299146,22.2453315
790,2.2,0.5,1.3,10,6.8,103.7834052,33.40706818,25.18428894
791,2.5,0.5,1.3,10,6.8,105.6456489,36.68748668,25.18428894
792,2.8,0.5,1.3,10,6.8,105.8473486,41.8823755,25.18428894
793,2.2,0.6,0.7,8,4.8,66.02362205,38.57720893,17.15467555
794,2.5,0.6,0.7,8,4.8,66.16007342,42.89006034,17.15467555
795,2.8,0.6,0.7,8,4.8,63.87164968,39.76074045,17.15467555
796,2.2,0.6,0.7,9,4.8,76.81521896,30.62406404,19.71795869
797,2.5,0.6,0.7,9,4.8,72.82199887,33.92439081,19.71795869
798,2.8,0.6,0.7,9,4.8,73.62595736,49.97762587,19.71795869
799,2.2,0.6,0.7,10,4.8,82.86346768,38.35763347,22.368697
800,2.5,0.6,0.7,10,4.8,82.26922419,46.87987639,22.368697
801,2.8,0.6,0.7,10,4.8,82.74991887,52.34242242,22.368697
802,2.2,0.6,0.9,8,4.8,67.03651447,31.33943974,17.32729571
803,2.5,0.6,0.9,8,4.8,66.44221357,29.40761586,17.32729571
804,2.8,0.6,0.9,8,4.8,67.56074381,34.22606498,17.32729571
805,2.2,0.6,0.9,9,4.8,73.03679052,38.81003223,19.91269334
806,2.5,0.6,0.9,9,4.8,76.09193279,38.14968398,19.91269334
807,2.8,0.6,0.9,9,4.8,72.70342318,37.34606417,19.91269334
808,2.2,0.6,0.9,10,4.8,79.01970771,32.40135156,22.58569814
809,2.5,0.6,0.9,10,4.8,79.90626898,35.1857674,22.58569814
810,2.8,0.6,0.9,10,4.8,77.98565999,40.03019853,22.58569814
811,2.2,0.6,1.1,8,4.8,58.65991636,19.83780681,17.49987165
812,2.5,0.6,1.1,8,4.8,58.26560983,21.03527926,17.49987165
813,2.8,0.6,1.1,8,4.8,60.32399812,22.63877477,17.49987165
814,2.2,0.6,1.1,9,4.8,71.82733507,30.01873382,20.10736863
815,2.5,0.6,1.1,9,4.8,74.04537261,29.71615115,20.10736863
816,2.8,0.6,1.1,9,4.8,69.91404357,27.4606258,20.10736863
817,2.2,0.6,1.1,10,4.8,74.12184151,20.53908607,22.80262232
818,2.5,0.6,1.1,10,4.8,72.41308706,24.21279008,22.80262232
819,2.8,0.6,1.1,10,4.8,72.84650966,21.55072885,22.80262232
820,2.2,0.6,1.3,8,4.8,66.93019351,21.72467037,17.67240468
821,2.5,0.6,1.3,8,4.8,68.33483997,24.56316456,17.67240468
822,2.8,0.6,1.3,8,4.8,69.7876814,25.26062988,17.67240468
823,2.2,0.6,1.3,9,4.8,67.4792806,17.8570169,20.30198629
824,2.5,0.6,1.3,9,4.8,64.90309277,19.02184353,20.30198629
825,2.8,0.6,1.3,9,4.8,64.53759728,19.50742033,20.30198629
826,2.2,0.6,1.3,10,4.8,66.94449349,17.81593885,23.01947179
827,2.5,0.6,1.3,10,4.8,64.81705397,20.76131294,23.01947179
828,2.8,0.6,1.3,10,4.8,65.1803476,21.84840363,23.01947179
829,2.2,0.6,0.7,8,5.2,69.94656696,27.64737335,17.49987165
830,2.5,0.6,0.7,8,5.2,68.64886939,32.45379672,17.49987165
831,2.8,0.6,0.7,8,5.2,68.83660376,39.79148094,17.49987165
832,2.2,0.6,0.7,9,5.2,88.25269958,34.13117639,20.10736863
833,2.5,0.6,0.7,9,5.2,86.67446459,37.05568019,20.10736863
834,2.8,0.6,0.7,9,5.2,84.69752035,45.98374747,20.10736863
835,2.2,0.6,0.7,10,5.2,88.29957857,32.76936768,22.80262232
836,2.5,0.6,0.7,10,5.2,88.14443886,36.93338087,22.80262232
837,2.8,0.6,0.7,10,5.2,87.43707604,39.77852446,22.80262232
838,2.2,0.6,0.9,8,5.2,71.19962085,28.51630644,17.67240468
839,2.5,0.6,0.9,8,5.2,71.2576049,31.36074172,17.67240468
840,2.8,0.6,0.9,8,5.2,68.92591063,39.77745336,17.67240468
841,2.2,0.6,0.9,9,5.2,81.71509982,29.40304731,20.30198629
842,2.5,0.6,0.9,9,5.2,83.83695219,34.62764087,20.30198629
843,2.8,0.6,0.9,9,5.2,77.76443017,34.95240772,20.30198629
844,2.2,0.6,0.9,10,5.2,87.94675323,31.23642581,23.01947179
845,2.5,0.6,0.9,10,5.2,88.46955691,34.20566643,23.01947179
846,2.8,0.6,0.9,10,5.2,80.55351888,36.09189112,23.01947179
847,2.2,0.6,1.1,8,5.2,67.77291764,19.51919936,17.84489606
848,2.5,0.6,1.1,8,5.2,63.8085944,21.89437974,17.84489606
849,2.8,0.6,1.1,8,5.2,66.80579061,22.69683884,17.84489606
850,2.2,0.6,1.1,9,5.2,79.33690933,24.29314152,20.496548
851,2.5,0.6,1.1,9,5.2,78.3647811,26.71735721,20.496548
852,2.8,0.6,1.1,9,5.2,81.79893331,30.21710968,20.496548
853,2.2,0.6,1.1,10,5.2,82.74286177,39.02626803,23.23624866
854,2.5,0.6,1.1,10,5.2,84.85149177,39.07351454,23.23624866
855,2.8,0.6,1.1,10,5.2,87.98983749,41.95176084,23.23624866
856,2.2,0.6,1.3,8,5.2,73.03371837,20.04884899,18.01734701
857,2.5,0.6,1.3,8,5.2,70.38945063,19.73329023,18.01734701
858,2.8,0.6,1.3,8,5.2,73.14161614,23.26397326,18.01734701
859,2.2,0.6,1.3,9,5.2,77.50040864,20.75880187,20.69105537
860,2.5,0.6,1.3,9,5.2,75.73060577,23.65478015,20.69105537
861,2.8,0.6,1.3,9,5.2,78.01396676,26.19153631,20.69105537
862,2.2,0.6,1.3,10,5.2,82.14262144,31.7800322,23.45295499
863,2.5,0.6,1.3,10,5.2,84.7049392,29.34439281,23.45295499
864,2.8,0.6,1.3,10,5.2,82.20759474,28.26293384,23.45295499
865,2.2,0.6,0.7,8,5.6,84.66803216,36.43071025,17.84489606
866,2.5,0.6,0.7,8,5.6,83.69482774,41.05226009,17.84489606
867,2.8,0.6,0.7,8,5.6,85.39238369,49.17646912,17.84489606
868,2.2,0.6,0.7,9,5.6,93.57028669,37.2305006,20.496548
869,2.5,0.6,0.7,9,5.6,92.8405756,43.36539846,20.496548
870,2.8,0.6,0.7,9,5.6,92.75901854,49.26597833,20.496548
871,2.2,0.6,0.7,10,5.6,103.2708666,53.06221685,23.23624866
872,2.5,0.6,0.7,10,5.6,100.2028988,52.78334299,23.23624866
873,2.8,0.6,0.7,10,5.6,97.57973775,41.1122325,23.23624866
874,2.2,0.6,0.9,8,5.6,76.98338088,22.35153017,18.01734701
875,2.5,0.6,0.9,8,5.6,76.30241366,24.4819669,18.01734701
876,2.8,0.6,0.9,8,5.6,77.0496937,31.44202256,18.01734701
877,2.2,0.6,0.9,9,5.6,85.51389806,30.04955952,20.69105537
878,2.5,0.6,0.9,9,5.6,87.51200699,34.48395995,20.69105537
879,2.8,0.6,0.9,9,5.6,87.62568174,39.09433061,20.69105537
880,2.2,0.6,0.9,10,5.6,100.4936317,52.44723016,23.45295499
881,2.5,0.6,0.9,10,5.6,97.37591392,43.92179687,23.45295499
882,2.8,0.6,0.9,10,5.6,99.21594266,45.12150543,23.45295499
883,2.2,0.6,1.1,8,5.6,83.13109407,26.37549968,18.1897587
884,2.5,0.6,1.1,8,5.6,81.43008429,25.86339599,18.1897587
885,2.8,0.6,1.1,8,5.6,82.9518131,28.00338889,18.1897587
886,2.2,0.6,1.1,9,5.6,82.82346119,21.04616242,20.88550993
887,2.5,0.6,1.1,9,5.6,82.95833256,26.60285935,20.88550993
888,2.8,0.6,1.1,9,5.6,81.77312217,30.84540352,20.88550993
889,2.2,0.6,1.1,10,5.6,90.87677502,33.77652861,23.66959277
890,2.5,0.6,1.1,10,5.6,93.25034639,35.47799361,23.66959277
891,2.8,0.6,1.1,10,5.6,95.1239228,38.03099941,23.66959277
892,2.2,0.6,1.3,8,5.6,83.18884899,35.552768,18.36213224
893,2.5,0.6,1.3,8,5.6,81.37939349,34.13246655,18.36213224
894,2.8,0.6,1.3,8,5.6,79.51772706,30.5977003,18.36213224
895,2.2,0.6,1.3,9,5.6,88.1714624,26.94195758,21.07991317
896,2.5,0.6,1.3,9,5.6,85.75072304,26.16482074,21.07991317
897,2.8,0.6,1.3,9,5.6,87.79273363,26.05595897,21.07991317
898,2.2,0.6,1.3,10,5.6,89.13373267,27.1206125,23.8861639
899,2.5,0.6,1.3,10,5.6,85.15184797,27.1923243,23.8861639
900,2.8,0.6,1.3,10,5.6,85.46406675,25.42146143,23.8861639
901,2.2,0.6,0.7,8,6,82.54254761,29.48913489,18.1897587
902,2.5,0.6,0.7,8,6,82.86746089,31.83186872,18.1897587
903,2.8,0.6,0.7,8,6,81.69003631,41.44275544,18.1897587
904,2.2,0.6,0.7,9,6,97.11228808,39.28399724,20.88550993
905,2.5,0.6,0.7,9,6,98.41281176,43.57314652,20.88550993
906,2.8,0.6,0.7,9,6,99.63215211,51.41933557,20.88550993
907,2.2,0.6,0.7,10,6,115.4936092,46.93694508,23.66959277
908,2.5,0.6,0.7,10,6,114.6682303,50.08814494,23.66959277
909,2.8,0.6,0.7,10,6,113.954279,46.21506788,23.66959277
910,2.2,0.6,0.9,8,6,85.23382534,28.91422781,18.36213224
911,2.5,0.6,0.9,8,6,85.73796607,38.39035123,18.36213224
912,2.8,0.6,0.9,8,6,87.95804582,37.8432669,18.36213224
913,2.2,0.6,0.9,9,6,97.20464176,25.59414311,21.07991317
914,2.5,0.6,0.9,9,6,98.17939084,31.07269485,21.07991317
915,2.8,0.6,0.9,9,6,97.15089532,32.06006754,21.07991317
916,2.2,0.6,0.9,10,6,102.2788798,37.99608335,23.8861639
917,2.5,0.6,0.9,10,6,104.9336351,39.51153108,23.8861639
918,2.8,0.6,0.9,10,6,103.5295628,37.82289163,23.8861639
919,2.2,0.6,1.1,8,6,83.56129976,24.53443657,18.53446871
920,2.5,0.6,1.1,8,6,84.51256713,26.91948748,18.53446871
921,2.8,0.6,1.1,8,6,84.60183265,25.99944009,18.53446871
922,2.2,0.6,1.1,9,6,96.58914579,30.387037,21.27426653
923,2.5,0.6,1.1,9,6,90.90224007,27.8973245,21.27426653
924,2.8,0.6,1.1,9,6,92.0046417,28.26018723,21.27426653
925,2.2,0.6,1.1,10,6,97.7959358,31.92357747,24.1026702
926,2.5,0.6,1.1,10,6,98.75377278,25.99370086,24.1026702
927,2.8,0.6,1.1,10,6,95.74551618,26.33434029,24.1026702
928,2.2,0.6,1.3,8,6,79.99112063,15.0216522,18.70676915
929,2.5,0.6,1.3,8,6,81.46361246,18.10321297,18.70676915
930,2.8,0.6,1.3,8,6,84.85457866,24.09786425,18.70676915
931,2.2,0.6,1.3,9,6,103.5999723,41.68386853,21.46857138
932,2.5,0.6,1.3,9,6,102.9640073,41.09559485,21.46857138
933,2.8,0.6,1.3,9,6,103.1151886,40.70902279,21.46857138
934,2.2,0.6,1.3,10,6,93.60820959,23.69751004,24.31911344
935,2.5,0.6,1.3,10,6,95.30754238,18.16631125,24.31911344
936,2.8,0.6,1.3,10,6,94.63366965,22.25234926,24.31911344
937,2.2,0.6,0.7,8,6.4,90.98686364,32.28173879,18.53446871
938,2.5,0.6,0.7,8,6.4,88.90014749,33.14211613,18.53446871
939,2.8,0.6,0.7,8,6.4,85.39053304,39.08993215,18.53446871
940,2.2,0.6,0.7,9,6.4,100.8231633,37.38777293,21.27426653
941,2.5,0.6,0.7,9,6.4,100.3981516,42.49840257,21.27426653
942,2.8,0.6,0.7,9,6.4,100.9939202,51.84680602,21.27426653
943,2.2,0.6,0.7,10,6.4,108.6107235,42.07401965,24.1026702
944,2.5,0.6,0.7,10,6.4,109.3785105,44.71474012,24.1026702
945,2.8,0.6,0.7,10,6.4,108.3134537,48.49615857,24.1026702
946,2.2,0.6,0.9,8,6.4,91.72007097,33.08527521,18.70676915
947,2.5,0.6,0.9,8,6.4,93.74189253,36.57310269,18.70676915
948,2.8,0.6,0.9,8,6.4,91.34727919,41.40623873,18.70676915
949,2.2,0.6,0.9,9,6.4,97.34203274,33.25183029,21.46857138
950,2.5,0.6,0.9,9,6.4,101.3021168,33.97707698,21.46857138
951,2.8,0.6,0.9,9,6.4,103.5435152,41.31251487,21.46857138
952,2.2,0.6,0.9,10,6.4,102.6644634,39.49644324,24.31911344
953,2.5,0.6,0.9,10,6.4,108.9935001,45.05823394,24.31911344
954,2.8,0.6,0.9,10,6.4,106.9536279,50.0578355,24.31911344
955,2.2,0.6,1.1,8,6.4,85.73583631,27.67392292,18.87903457
956,2.5,0.6,1.1,8,6.4,84.1823119,30.32046375,18.87903457
957,2.8,0.6,1.1,8,6.4,84.7400613,28.88715225,18.87903457
958,2.2,0.6,1.1,9,6.4,95.16412741,25.45952735,21.66282905
959,2.5,0.6,1.1,9,6.4,93.37874437,28.82126101,21.66282905
960,2.8,0.6,1.1,9,6.4,93.93449998,30.84173023,21.66282905
961,2.2,0.6,1.1,10,6.4,103.0467689,23.20305333,24.53549533
962,2.5,0.6,1.1,10,6.4,104.7061714,26.46201888,24.53549533
963,2.8,0.6,1.1,10,6.4,104.9973484,35.56548594,24.53549533
964,2.2,0.6,1.3,8,6.4,85.79466904,14.36283286,19.05126592
965,2.5,0.6,1.3,8,6.4,83.90181368,15.9727099,19.05126592
966,2.8,0.6,1.3,8,6.4,88.2078986,24.09800358,19.05126592
967,2.2,0.6,1.3,9,6.4,87.40539737,29.49466091,21.85704081
968,2.5,0.6,1.3,9,6.4,85.7677272,22.01758182,21.85704081
969,2.8,0.6,1.3,9,6.4,89.18299885,24.94901242,21.85704081
970,2.2,0.6,1.3,10,6.4,103.2403643,34.0380353,24.75181749
971,2.5,0.6,1.3,10,6.4,104.0698185,35.58500307,24.75181749
972,2.8,0.6,1.3,10,6.4,105.2537375,37.93057502,24.75181749
973,2.2,0.6,0.7,8,6.8,100.2096086,36.83873925,18.87903457
974,2.5,0.6,0.7,8,6.8,98.00535354,40.70704208,18.87903457
975,2.8,0.6,0.7,8,6.8,94.88570207,42.89969705,18.87903457
976,2.2,0.6,0.7,9,6.8,108.8068112,41.14199347,21.66282905
977,2.5,0.6,0.7,9,6.8,109.0766382,48.51335177,21.66282905
978,2.8,0.6,0.7,9,6.8,108.8706847,55.29089774,21.66282905
979,2.2,0.6,0.7,10,6.8,133.135937,45.1899624,24.53549533
980,2.5,0.6,0.7,10,6.8,133.5195542,53.01250867,24.53549533
981,2.8,0.6,0.7,10,6.8,129.5435845,61.14592989,24.53549533
982,2.2,0.6,0.9,8,6.8,91.62288308,25.06153671,19.05126592
983,2.5,0.6,0.9,8,6.8,92.41870392,25.25944888,19.05126592
984,2.8,0.6,0.9,8,6.8,92.75072377,32.42126243,19.05126592
985,2.2,0.6,0.9,9,6.8,109.00573,40.10801859,21.85704081
986,2.5,0.6,0.9,9,6.8,113.2043818,52.08781883,21.85704081
987,2.8,0.6,0.9,9,6.8,114.5358627,49.37242819,21.85704081
988,2.2,0.6,0.9,10,6.8,127.0543858,53.53777472,24.75181749
989,2.5,0.6,0.9,10,6.8,128.5141569,55.97765672,24.75181749
990,2.8,0.6,0.9,10,6.8,123.6543246,57.4426452,24.75181749
991,2.2,0.6,1.1,8,6.8,99.01693068,22.68372762,19.22346413
992,2.5,0.6,1.1,8,6.8,95.06134048,22.7723711,19.22346413
993,2.8,0.6,1.1,8,6.8,100.2570764,22.84572015,19.22346413
994,2.2,0.6,1.1,9,6.8,96.60069188,30.13654931,22.0512079
995,2.5,0.6,1.1,9,6.8,96.61004655,28.71706181,22.0512079
996,2.8,0.6,1.1,9,6.8,93.35235979,30.6988168,22.0512079
997,2.2,0.6,1.1,10,6.8,121.8658194,29.64075997,24.96808152
998,2.5,0.6,1.1,10,6.8,120.799496,34.27332741,24.96808152
999,2.8,0.6,1.1,10,6.8,120.9305813,38.80351233,24.96808152
1000,2.2,0.6,1.3,8,6.8,98.44497383,39.67143772,19.3956301
1001,2.5,0.6,1.3,8,6.8,97.36464039,19.10703262,19.3956301
1002,2.8,0.6,1.3,8,6.8,94.48121182,24.61031486,19.3956301
1003,2.2,0.6,1.3,9,6.8,101.0838708,37.6499378,22.2453315
1004,2.5,0.6,1.3,9,6.8,96.65434006,30.59104389,22.2453315
1005,2.8,0.6,1.3,9,6.8,93.17281697,26.07634897,22.2453315
1006,2.2,0.6,1.3,10,6.8,118.7413933,35.58241579,25.18428894
1007,2.5,0.6,1.3,10,6.8,118.6368224,34.70842933,25.18428894
1008,2.8,0.6,1.3,10,6.8,118.5421636,32.37037728,25.18428894
1009,2.2,0.7,0.7,8,4.8,68.69018317,39.60372648,17.15467555
1010,2.5,0.7,0.7,8,4.8,69.02164514,40.21033837,17.15467555
1011,2.8,0.7,0.7,8,4.8,68.2032249,38.54462248,17.15467555
1012,2.2,0.7,0.7,9,4.8,75.02092272,46.45760816,19.71795869
1013,2.5,0.7,0.7,9,4.8,76.61179363,46.43797315,19.71795869
1014,2.8,0.7,0.7,9,4.8,71.3859201,41.14206358,19.71795869
1015,2.2,0.7,0.7,10,4.8,78.38832997,58.67697872,22.368697
1016,2.5,0.7,0.7,10,4.8,81.22951744,60.03817941,22.368697
1017,2.8,0.7,0.7,10,4.8,80.43090136,59.26466865,22.368697
1018,2.2,0.7,0.9,8,4.8,66.28905678,34.67985827,17.32729571
1019,2.5,0.7,0.9,8,4.8,67.21115941,30.68942391,17.32729571
1020,2.8,0.7,0.9,8,4.8,62.44785233,27.37205433,17.32729571
1021,2.2,0.7,0.9,9,4.8,71.05619056,38.6819615,19.91269334
1022,2.5,0.7,0.9,9,4.8,72.71027309,40.69532746,19.91269334
1023,2.8,0.7,0.9,9,4.8,71.90192233,37.3993898,19.91269334
1024,2.2,0.7,0.9,10,4.8,76.5960193,32.95296618,22.58569814
1025,2.5,0.7,0.9,10,4.8,76.12095378,32.0897186,22.58569814
1026,2.8,0.7,0.9,10,4.8,75.79985884,32.9266457,22.58569814
1027,2.2,0.7,1.1,8,4.8,63.5468491,26.04593634,17.49987165
1028,2.5,0.7,1.1,8,4.8,66.92208234,35.89474658,17.49987165
1029,2.8,0.7,1.1,8,4.8,67.41878131,30.15166176,17.49987165
1030,2.2,0.7,1.1,9,4.8,67.85851579,37.19721185,20.10736863
1031,2.5,0.7,1.1,9,4.8,70.51539041,40.11260325,20.10736863
1032,2.8,0.7,1.1,9,4.8,69.70968684,35.04496283,20.10736863
1033,2.2,0.7,1.1,10,4.8,76.41512343,28.36981121,22.80262232
1034,2.5,0.7,1.1,10,4.8,75.59932945,31.89218961,22.80262232
1035,2.8,0.7,1.1,10,4.8,77.00275699,32.69017088,22.80262232
1036,2.2,0.7,1.3,8,4.8,69.28408663,24.56194018,17.67240468
1037,2.5,0.7,1.3,8,4.8,67.52966302,24.34855385,17.67240468
1038,2.8,0.7,1.3,8,4.8,66.70119058,26.51453819,17.67240468
1039,2.2,0.7,1.3,9,4.8,74.86216059,35.73108924,20.30198629
1040,2.5,0.7,1.3,9,4.8,72.51074959,40.25719197,20.30198629
1041,2.8,0.7,1.3,9,4.8,76.78152167,41.01025467,20.30198629
1042,2.2,0.7,1.3,10,4.8,78.07783815,27.3251396,23.01947179
1043,2.5,0.7,1.3,10,4.8,75.8078895,28.07905131,23.01947179
1044,2.8,0.7,1.3,10,4.8,74.56491131,24.1152398,23.01947179
1045,2.2,0.7,0.7,8,5.2,82.60173661,48.7658691,17.49987165
1046,2.5,0.7,0.7,8,5.2,81.7089456,50.3903176,17.49987165
1047,2.8,0.7,0.7,8,5.2,80.57405478,49.41671191,17.49987165
1048,2.2,0.7,0.7,9,5.2,83.51162753,63.09624685,20.10736863
1049,2.5,0.7,0.7,9,5.2,84.41826007,64.4866646,20.10736863
1050,2.8,0.7,0.7,9,5.2,81.06062051,64.58530013,20.10736863
1051,2.2,0.7,0.7,10,5.2,92.47562218,55.7659909,22.80262232
1052,2.5,0.7,0.7,10,5.2,94.53538333,54.07946798,22.80262232
1053,2.8,0.7,0.7,10,5.2,91.88748986,62.38526676,22.80262232
1054,2.2,0.7,0.9,8,5.2,74.35046749,34.64690176,17.67240468
1055,2.5,0.7,0.9,8,5.2,69.9462019,29.73882471,17.67240468
1056,2.8,0.7,0.9,8,5.2,69.92271813,29.23453225,17.67240468
1057,2.2,0.7,0.9,9,5.2,84.51806478,52.05652375,20.30198629
1058,2.5,0.7,0.9,9,5.2,83.10029496,49.41190905,20.30198629
1059,2.8,0.7,0.9,9,5.2,84.00222665,54.75635363,20.30198629
1060,2.2,0.7,0.9,10,5.2,85.09110812,32.92742828,23.01947179
1061,2.5,0.7,0.9,10,5.2,86.54733651,33.62033128,23.01947179
1062,2.8,0.7,0.9,10,5.2,84.74707422,33.31483235,23.01947179
1063,2.2,0.7,1.1,8,5.2,74.90731511,43.33141262,17.84489606
1064,2.5,0.7,1.1,8,5.2,75.84193869,43.21779817,17.84489606
1065,2.8,0.7,1.1,8,5.2,76.98865564,36.83634501,17.84489606
1066,2.2,0.7,1.1,9,5.2,81.79181689,46.88333495,20.496548
1067,2.5,0.7,1.1,9,5.2,83.07565701,42.29135567,20.496548
1068,2.8,0.7,1.1,9,5.2,83.98480625,37.11622099,20.496548
1069,2.2,0.7,1.1,10,5.2,84.07030785,24.4993446,23.23624866
1070,2.5,0.7,1.1,10,5.2,85.27459534,27.85293572,23.23624866
1071,2.8,0.7,1.1,10,5.2,83.4656225,25.98883011,23.23624866
1072,2.2,0.7,1.3,8,5.2,77.39146758,30.08948943,18.01734701
1073,2.5,0.7,1.3,8,5.2,73.58526379,28.43588188,18.01734701
1074,2.8,0.7,1.3,8,5.2,72.22733855,29.70532344,18.01734701
1075,2.2,0.7,1.3,9,5.2,74.76644494,37.20799955,20.69105537
1076,2.5,0.7,1.3,9,5.2,78.44617055,41.02900299,20.69105537
1077,2.8,0.7,1.3,9,5.2,78.54539665,40.84480598,20.69105537
1078,2.2,0.7,1.3,10,5.2,80.92283036,27.13912118,23.45295499
1079,2.5,0.7,1.3,10,5.2,76.49250441,26.31610103,23.45295499
1080,2.8,0.7,1.3,10,5.2,72.12092233,22.56808159,23.45295499
1081,2.2,0.7,0.7,8,5.6,84.17504753,64.35000146,17.84489606
1082,2.5,0.7,0.7,8,5.6,84.1085064,62.25502244,17.84489606
1083,2.8,0.7,0.7,8,5.6,85.41667711,62.28731724,17.84489606
1084,2.2,0.7,0.7,9,5.6,96.49273371,69.22120657,20.496548
1085,2.5,0.7,0.7,9,5.6,93.43066524,67.22655547,20.496548
1086,2.8,0.7,0.7,9,5.6,96.62679802,70.58549429,20.496548
1087,2.2,0.7,0.7,10,5.6,93.08878419,58.79456608,23.23624866
1088,2.5,0.7,0.7,10,5.6,94.0953473,63.73518231,23.23624866
1089,2.8,0.7,0.7,10,5.6,87.23292327,54.7913762,23.23624866
1090,2.2,0.7,0.9,8,5.6,79.5450814,36.52886102,18.01734701
1091,2.5,0.7,0.9,8,5.6,79.85127883,39.56076106,18.01734701
1092,2.8,0.7,0.9,8,5.6,79.15633259,35.8567707,18.01734701
1093,2.2,0.7,0.9,9,5.6,88.21977386,55.4358531,20.69105537
1094,2.5,0.7,0.9,9,5.6,88.74681753,54.76639645,20.69105537
1095,2.8,0.7,0.9,9,5.6,88.82999354,54.57300639,20.69105537
1096,2.2,0.7,0.9,10,5.6,94.59305869,46.41352353,23.45295499
1097,2.5,0.7,0.9,10,5.6,89.45539548,39.73620845,23.45295499
1098,2.8,0.7,0.9,10,5.6,88.54138888,38.09001556,23.45295499
1099,2.2,0.7,1.1,8,5.6,80.94305132,31.16176828,18.1897587
1100,2.5,0.7,1.1,8,5.6,77.43513545,30.79605508,18.1897587
1101,2.8,0.7,1.1,8,5.6,82.89725048,40.59307303,18.1897587
1102,2.2,0.7,1.1,9,5.6,90.57744052,36.19406995,20.88550993
1103,2.5,0.7,1.1,9,5.6,90.90118783,37.54000559,20.88550993
1104,2.8,0.7,1.1,9,5.6,92.39207298,45.23736741,20.88550993
1105,2.2,0.7,1.1,10,5.6,102.702013,45.75234325,23.66959277
1106,2.5,0.7,1.1,10,5.6,98.79724578,43.38563966,23.66959277
1107,2.8,0.7,1.1,10,5.6,97.1656055,37.5028357,23.66959277
1108,2.2,0.7,1.3,8,5.6,73.78600872,31.95920149,18.36213224
1109,2.5,0.7,1.3,8,5.6,73.21262649,33.36764602,18.36213224
1110,2.8,0.7,1.3,8,5.6,79.6201316,38.21742758,18.36213224
1111,2.2,0.7,1.3,9,5.6,89.86273989,35.21266833,21.07991317
1112,2.5,0.7,1.3,9,5.6,90.42282122,35.63630675,21.07991317
1113,2.8,0.7,1.3,9,5.6,85.4474688,26.13841604,21.07991317
1114,2.2,0.7,1.3,10,5.6,96.20657073,40.62842555,23.8861639
1115,2.5,0.7,1.3,10,5.6,95.34124885,35.8466526,23.8861639
1116,2.8,0.7,1.3,10,5.6,96.55336691,34.92057852,23.8861639
1117,2.2,0.7,0.7,8,6,95.15116091,62.6889814,18.1897587
1118,2.5,0.7,0.7,8,6,88.17827426,64.59538747,18.1897587
1119,2.8,0.7,0.7,8,6,91.36336531,60.01177406,18.1897587
1120,2.2,0.7,0.7,9,6,101.4457296,61.25884577,20.88550993
1121,2.5,0.7,0.7,9,6,103.1777644,64.71290181,20.88550993
1122,2.8,0.7,0.7,9,6,94.55658625,65.41773275,20.88550993
1123,2.2,0.7,0.7,10,6,113.3254502,74.75837974,23.66959277
1124,2.5,0.7,0.7,10,6,115.3451311,72.70718869,23.66959277
1125,2.8,0.7,0.7,10,6,113.8400135,69.13101565,23.66959277
1126,2.2,0.7,0.9,8,6,83.84748486,51.62851519,18.36213224
1127,2.5,0.7,0.9,8,6,84.29396669,50.60437349,18.36213224
1128,2.8,0.7,0.9,8,6,85.30462393,50.9173526,18.36213224
1129,2.2,0.7,0.9,9,6,103.1301577,43.34144761,21.07991317
1130,2.5,0.7,0.9,9,6,99.57362173,40.00085113,21.07991317
1131,2.8,0.7,0.9,9,6,99.00770641,46.93397444,21.07991317
1132,2.2,0.7,0.9,10,6,104.7908405,65.0729537,23.8861639
1133,2.5,0.7,0.9,10,6,104.3758763,60.45541368,23.8861639
1134,2.8,0.7,0.9,10,6,101.4105882,57.43811631,23.8861639
1135,2.2,0.7,1.1,8,6,80.52845323,33.30912383,18.53446871
1136,2.5,0.7,1.1,8,6,79.67264496,36.63692674,18.53446871
1137,2.8,0.7,1.1,8,6,78.75438401,34.03936507,18.53446871
1138,2.2,0.7,1.1,9,6,81.24894636,26.17302633,21.27426653
1139,2.5,0.7,1.1,9,6,80.53006,25.54802588,21.27426653
1140,2.8,0.7,1.1,9,6,85.94277155,28.36675928,21.27426653
1141,2.2,0.7,1.1,10,6,99.21189909,45.54404766,24.1026702
1142,2.5,0.7,1.1,10,6,98.10485416,45.83125515,24.1026702
1143,2.8,0.7,1.1,10,6,99.23420293,42.81573396,24.1026702
1144,2.2,0.7,1.3,8,6,80.56391364,32.51312679,18.70676915
1145,2.5,0.7,1.3,8,6,82.5554267,33.17790881,18.70676915
1146,2.8,0.7,1.3,8,6,86.23820894,39.36550435,18.70676915
1147,2.2,0.7,1.3,9,6,80.45636509,28.70564646,21.46857138
1148,2.5,0.7,1.3,9,6,78.8286838,26.48165843,21.46857138
1149,2.8,0.7,1.3,9,6,78.59100728,26.48160816,21.46857138
1150,2.2,0.7,1.3,10,6,99.15443343,44.72457402,24.31911344
1151,2.5,0.7,1.3,10,6,104.0436548,47.49643744,24.31911344
1152,2.8,0.7,1.3,10,6,102.8759611,46.71156887,24.31911344
1153,2.2,0.7,0.7,8,6.4,90.80672179,53.90200367,18.53446871
1154,2.5,0.7,0.7,8,6.4,89.95826986,46.36095199,18.53446871
1155,2.8,0.7,0.7,8,6.4,89.92710486,49.18358957,18.53446871
1156,2.2,0.7,0.7,9,6.4,115.3634197,66.73879706,21.27426653
1157,2.5,0.7,0.7,9,6.4,113.9139831,67.05172941,21.27426653
1158,2.8,0.7,0.7,9,6.4,104.5757957,76.34071186,21.27426653
1159,2.2,0.7,0.7,10,6.4,116.12937,89.28723051,24.1026702
1160,2.5,0.7,0.7,10,6.4,113.7880278,86.72200792,24.1026702
1161,2.8,0.7,0.7,10,6.4,113.337429,83.92871069,24.1026702
1162,2.2,0.7,0.9,8,6.4,84.77878062,42.4602313,18.70676915
1163,2.5,0.7,0.9,8,6.4,88.09448088,43.64533334,18.70676915
1164,2.8,0.7,0.9,8,6.4,84.31009726,39.80442475,18.70676915
1165,2.2,0.7,0.9,9,6.4,105.5822787,57.31252609,21.46857138
1166,2.5,0.7,0.9,9,6.4,106.9089293,56.37372658,21.46857138
1167,2.8,0.7,0.9,9,6.4,106.3247998,55.51920201,21.46857138
1168,2.2,0.7,0.9,10,6.4,117.0443523,76.22845407,24.31911344
1169,2.5,0.7,0.9,10,6.4,119.5904134,72.69083699,24.31911344
1170,2.8,0.7,0.9,10,6.4,119.3468949,73.74083939,24.31911344
1171,2.2,0.7,1.1,8,6.4,84.06722027,40.15602905,18.87903457
1172,2.5,0.7,1.1,8,6.4,87.3760758,46.77356253,18.87903457
1173,2.8,0.7,1.1,8,6.4,85.13188778,43.0573134,18.87903457
1174,2.2,0.7,1.1,9,6.4,99.75214879,53.15222166,21.66282905
1175,2.5,0.7,1.1,9,6.4,105.4148138,58.12599184,21.66282905
1176,2.8,0.7,1.1,9,6.4,105.8134846,53.7952918,21.66282905
1177,2.2,0.7,1.1,10,6.4,109.213023,49.85950971,24.53549533
1178,2.5,0.7,1.1,10,6.4,106.7016065,49.50888058,24.53549533
1179,2.8,0.7,1.1,10,6.4,107.5723157,53.05623015,24.53549533
1180,2.2,0.7,1.3,8,6.4,93.62668695,31.07261217,19.05126592
1181,2.5,0.7,1.3,8,6.4,92.90028727,29.13085147,19.05126592
1182,2.8,0.7,1.3,8,6.4,93.41812494,31.35294927,19.05126592
1183,2.2,0.7,1.3,9,6.4,94.12921673,42.19573612,21.85704081
1184,2.5,0.7,1.3,9,6.4,95.83895411,45.02798998,21.85704081
1185,2.8,0.7,1.3,9,6.4,99.14341298,49.01182981,21.85704081
1186,2.2,0.7,1.3,10,6.4,106.5856401,43.8842856,24.75181749
1187,2.5,0.7,1.3,10,6.4,109.4208486,42.46974737,24.75181749
1188,2.8,0.7,1.3,10,6.4,107.3040592,45.70370087,24.75181749
1189,2.2,0.7,0.7,8,6.8,89.70040995,68.82361751,18.87903457
1190,2.5,0.7,0.7,8,6.8,89.71926779,73.52370329,18.87903457
1191,2.8,0.7,0.7,8,6.8,86.82054687,65.9683558,18.87903457
1192,2.2,0.7,0.7,9,6.8,116.698709,91.21579659,21.66282905
1193,2.5,0.7,0.7,9,6.8,118.4767395,97.65755281,21.66282905
1194,2.8,0.7,0.7,9,6.8,116.3277592,80.85404555,21.66282905
1195,2.2,0.7,0.7,10,6.8,128.5294865,97.22080681,24.53549533
1196,2.5,0.7,0.7,10,6.8,127.4666986,95.5996353,24.53549533
1197,2.8,0.7,0.7,10,6.8,126.8846064,96.15780584,24.53549533
1198,2.2,0.7,0.9,8,6.8,92.27912457,51.80776013,19.05126592
1199,2.5,0.7,0.9,8,6.8,92.89165714,51.86192638,19.05126592
1200,2.8,0.7,0.9,8,6.8,96.27184175,50.80278885,19.05126592
1201,2.2,0.7,0.9,9,6.8,117.5373204,75.66986865,21.85704081
1202,2.5,0.7,0.9,9,6.8,116.4554027,75.47974789,21.85704081
1203,2.8,0.7,0.9,9,6.8,120.8785909,80.99226886,21.85704081
1204,2.2,0.7,0.9,10,6.8,121.5736409,71.98626628,24.75181749
1205,2.5,0.7,0.9,10,6.8,125.5251156,76.58927367,24.75181749
1206,2.8,0.7,0.9,10,6.8,128.8996573,78.67145788,24.75181749
1207,2.2,0.7,1.1,8,6.8,101.2357788,46.13524045,19.22346413
1208,2.5,0.7,1.1,8,6.8,98.67609066,49.13240798,19.22346413
1209,2.8,0.7,1.1,8,6.8,103.78454,53.56963692,19.22346413
1210,2.2,0.7,1.1,9,6.8,108.1674954,56.29070333,22.0512079
1211,2.5,0.7,1.1,9,6.8,107.5945708,58.96062101,22.0512079
1212,2.8,0.7,1.1,9,6.8,111.0852405,60.90865882,22.0512079
1213,2.2,0.7,1.1,10,6.8,124.586007,48.76858397,24.96808152
1214,2.5,0.7,1.1,10,6.8,122.8689689,45.71592155,24.96808152
1215,2.8,0.7,1.1,10,6.8,117.0179297,50.50044474,24.96808152
1216,2.2,0.7,1.3,8,6.8,97.4501003,41.34605382,19.3956301
1217,2.5,0.7,1.3,8,6.8,104.5839852,48.84289507,19.3956301
1218,2.8,0.7,1.3,8,6.8,100.7505863,52.24405934,19.3956301
1219,2.2,0.7,1.3,9,6.8,102.8543565,45.62160146,22.2453315
1220,2.5,0.7,1.3,9,6.8,109.5850104,49.22329117,22.2453315
1221,2.8,0.7,1.3,9,6.8,113.4215156,49.34944838,22.2453315
1222,2.2,0.7,1.3,10,6.8,118.6001067,45.3954978,25.18428894
1223,2.5,0.7,1.3,10,6.8,117.7462668,45.64593625,25.18428894
1224,2.8,0.7,1.3,10,6.8,115.8367716,46.85077988,25.18428894
1225,2.2,0.8,0.7,8,4.8,66.94785312,39.13548063,17.15467555
1226,2.5,0.8,0.7,8,4.8,68.26836802,35.16620488,17.15467555
1227,2.8,0.8,0.7,8,4.8,67.1265173,34.98121692,17.15467555
1228,2.2,0.8,0.7,9,4.8,71.68734775,49.40732688,19.71795869
1229,2.5,0.8,0.7,9,4.8,78.30799178,51.35758949,19.71795869
1230,2.8,0.8,0.7,9,4.8,78.32373557,50.33118652,19.71795869
1231,2.2,0.8,0.7,10,4.8,88.34919606,49.95818233,22.368697
1232,2.5,0.8,0.7,10,4.8,89.47471749,52.38300142,22.368697
1233,2.8,0.8,0.7,10,4.8,89.17366827,48.68481886,22.368697
1234,2.2,0.8,0.9,8,4.8,66.47544108,29.87974729,17.32729571
1235,2.5,0.8,0.9,8,4.8,66.46544367,31.78622758,17.32729571
1236,2.8,0.8,0.9,8,4.8,69.15909915,30.83512665,17.32729571
1237,2.2,0.8,0.9,9,4.8,69.25193592,34.84150244,19.91269334
1238,2.5,0.8,0.9,9,4.8,74.86467121,37.6151102,19.91269334
1239,2.8,0.8,0.9,9,4.8,74.47352008,36.01093741,19.91269334
1240,2.2,0.8,0.9,10,4.8,83.79605579,44.94205857,22.58569814
1241,2.5,0.8,0.9,10,4.8,84.49345174,43.79844061,22.58569814
1242,2.8,0.8,0.9,10,4.8,83.78383082,40.03657035,22.58569814
1243,2.2,0.8,1.1,8,4.8,66.84250991,24.19258557,17.49987165
1244,2.5,0.8,1.1,8,4.8,67.10283765,25.97969142,17.49987165
1245,2.8,0.8,1.1,8,4.8,65.52305261,22.95385194,17.49987165
1246,2.2,0.8,1.1,9,4.8,66.74587892,27.45973246,20.10736863
1247,2.5,0.8,1.1,9,4.8,68.88386365,29.10539882,20.10736863
1248,2.8,0.8,1.1,9,4.8,69.79866303,25.63362173,20.10736863
1249,2.2,0.8,1.1,10,4.8,80.79754308,31.25921043,22.80262232
1250,2.5,0.8,1.1,10,4.8,80.74590475,31.00961943,22.80262232
1251,2.8,0.8,1.1,10,4.8,80.88488853,28.08039876,22.80262232
1252,2.2,0.8,1.3,8,4.8,62.71329961,27.47421898,17.67240468
1253,2.5,0.8,1.3,8,4.8,63.52005273,29.11555248,17.67240468
1254,2.8,0.8,1.3,8,4.8,63.63239556,24.88809994,17.67240468
1255,2.2,0.8,1.3,9,4.8,71.38801664,25.54201224,20.30198629
1256,2.5,0.8,1.3,9,4.8,71.17245283,25.55876099,20.30198629
1257,2.8,0.8,1.3,9,4.8,68.96234348,20.70050148,20.30198629
1258,2.2,0.8,1.3,10,4.8,75.00008446,28.66695482,23.01947179
1259,2.5,0.8,1.3,10,4.8,81.24215664,29.25042141,23.01947179
1260,2.8,0.8,1.3,10,4.8,79.60235982,25.16660014,23.01947179
1261,2.2,0.8,0.7,8,5.2,74.59967474,43.1842575,17.49987165
1262,2.5,0.8,0.7,8,5.2,79.47264072,46.60769572,17.49987165
1263,2.8,0.8,0.7,8,5.2,78.45143337,44.61525181,17.49987165
1264,2.2,0.8,0.7,9,5.2,77.29058487,51.46867707,20.10736863
1265,2.5,0.8,0.7,9,5.2,77.43973317,54.89327371,20.10736863
1266,2.8,0.8,0.7,9,5.2,80.946319,53.94012172,20.10736863
1267,2.2,0.8,0.7,10,5.2,98.15933013,53.28532837,22.80262232
1268,2.5,0.8,0.7,10,5.2,100.5506871,58.42616553,22.80262232
1269,2.8,0.8,0.7,10,5.2,98.56105386,53.4113919,22.80262232
1270,2.2,0.8,0.9,8,5.2,72.45288523,35.90743907,17.67240468
1271,2.5,0.8,0.9,8,5.2,74.91813165,36.90263258,17.67240468
1272,2.8,0.8,0.9,8,5.2,75.16919098,38.17672235,17.67240468
1273,2.2,0.8,0.9,9,5.2,77.20065722,38.54601902,20.30198629
1274,2.5,0.8,0.9,9,5.2,77.49224612,38.49184103,20.30198629
1275,2.8,0.8,0.9,9,5.2,81.70639302,41.85009919,20.30198629
1276,2.2,0.8,0.9,10,5.2,82.9651547,42.11287221,23.01947179
1277,2.5,0.8,0.9,10,5.2,83.08028354,43.94155574,23.01947179
1278,2.8,0.8,0.9,10,5.2,82.96925662,42.02125416,23.01947179
1279,2.2,0.8,1.1,8,5.2,70.1059235,37.27670693,17.84489606
1280,2.5,0.8,1.1,8,5.2,71.58530428,33.01367255,17.84489606
1281,2.8,0.8,1.1,8,5.2,73.20989819,31.75154142,17.84489606
1282,2.2,0.8,1.1,9,5.2,76.87236183,33.42559361,20.496548
1283,2.5,0.8,1.1,9,5.2,78.76902657,34.98543557,20.496548
1284,2.8,0.8,1.1,9,5.2,81.61122963,31.61725906,20.496548
1285,2.2,0.8,1.1,10,5.2,80.04438107,38.71099946,23.23624866
1286,2.5,0.8,1.1,10,5.2,79.8999786,37.86270456,23.23624866
1287,2.8,0.8,1.1,10,5.2,83.25885117,36.66466549,23.23624866
1288,2.2,0.8,1.3,8,5.2,71.57426229,29.13804217,18.01734701
1289,2.5,0.8,1.3,8,5.2,73.68428515,27.17119198,18.01734701
1290,2.8,0.8,1.3,8,5.2,74.17888623,29.14515125,18.01734701
1291,2.2,0.8,1.3,9,5.2,79.76050544,32.41173771,20.69105537
1292,2.5,0.8,1.3,9,5.2,82.421451,28.89225982,20.69105537
1293,2.8,0.8,1.3,9,5.2,80.31356313,37.19004964,20.69105537
1294,2.2,0.8,1.3,10,5.2,85.08891832,43.82318255,23.45295499
1295,2.5,0.8,1.3,10,5.2,90.010123,40.05558495,23.45295499
1296,2.8,0.8,1.3,10,5.2,83.77191902,39.56150461,23.45295499
1297,2.2,0.8,0.7,8,5.6,82.74192825,56.39078087,17.84489606
1298,2.5,0.8,0.7,8,5.6,87.26234814,57.46498375,17.84489606
1299,2.8,0.8,0.7,8,5.6,89.34431049,59.88299976,17.84489606
1300,2.2,0.8,0.7,9,5.6,85.13209778,59.5634406,20.496548
1301,2.5,0.8,0.7,9,5.6,85.1118762,61.34504215,20.496548
1302,2.8,0.8,0.7,9,5.6,89.33856554,62.81105714,20.496548
1303,2.2,0.8,0.7,10,5.6,91.89459022,71.32962129,23.23624866
1304,2.5,0.8,0.7,10,5.6,97.32779185,72.73429435,23.23624866
1305,2.8,0.8,0.7,10,5.6,103.9031896,64.52362651,23.23624866
1306,2.2,0.8,0.9,8,5.6,79.82449957,40.78034564,18.01734701
1307,2.5,0.8,0.9,8,5.6,81.46712711,47.35731508,18.01734701
1308,2.8,0.8,0.9,8,5.6,81.80329316,42.42031726,18.01734701
1309,2.2,0.8,0.9,9,5.6,93.88926467,65.42287182,20.69105537
1310,2.5,0.8,0.9,9,5.6,95.13967552,59.65126102,20.69105537
1311,2.8,0.8,0.9,9,5.6,91.24309561,45.33696973,20.69105537
1312,2.2,0.8,0.9,10,5.6,96.6388384,61.45432065,23.45295499
1313,2.5,0.8,0.9,10,5.6,96.78682276,62.35961943,23.45295499
1314,2.8,0.8,0.9,10,5.6,94.94245082,62.2311747,23.45295499
1315,2.2,0.8,1.1,8,5.6,77.76265337,38.29714889,18.1897587
1316,2.5,0.8,1.1,8,5.6,78.0365336,42.34312967,18.1897587
1317,2.8,0.8,1.1,8,5.6,80.20952824,40.67885919,18.1897587
1318,2.2,0.8,1.1,9,5.6,96.5293962,52.88306477,20.88550993
1319,2.5,0.8,1.1,9,5.6,96.09657335,45.33790514,20.88550993
1320,2.8,0.8,1.1,9,5.6,89.03979705,43.50898529,20.88550993
1321,2.2,0.8,1.1,10,5.6,96.52114599,49.94783048,23.66959277
1322,2.5,0.8,1.1,10,5.6,98.30637939,48.7133688,23.66959277
1323,2.8,0.8,1.1,10,5.6,95.02644188,48.04548616,23.66959277
1324,2.2,0.8,1.3,8,5.6,73.21789961,34.4510064,18.36213224
1325,2.5,0.8,1.3,8,5.6,75.80346945,37.58521976,18.36213224
1326,2.8,0.8,1.3,8,5.6,75.4822576,35.53110561,18.36213224
1327,2.2,0.8,1.3,9,5.6,92.31292527,42.95324076,21.07991317
1328,2.5,0.8,1.3,9,5.6,93.40884061,37.20475852,21.07991317
1329,2.8,0.8,1.3,9,5.6,96.26143974,38.77844685,21.07991317
1330,2.2,0.8,1.3,10,5.6,91.43453896,34.58558708,23.8861639
1331,2.5,0.8,1.3,10,5.6,92.99887169,34.22901842,23.8861639
1332,2.8,0.8,1.3,10,5.6,93.10341564,33.39679311,23.8861639
1333,2.2,0.8,0.7,8,6,87.89834428,56.55875605,18.1897587
1334,2.5,0.8,0.7,8,6,89.27037796,62.67705052,18.1897587
1335,2.8,0.8,0.7,8,6,93.52978052,58.9824726,18.1897587
1336,2.2,0.8,0.7,9,6,96.45088385,82.8234328,20.88550993
1337,2.5,0.8,0.7,9,6,96.83526596,80.79310706,20.88550993
1338,2.8,0.8,0.7,9,6,100.484375,81.61911988,20.88550993
1339,2.2,0.8,0.7,10,6,106.9271887,73.09984891,23.66959277
1340,2.5,0.8,0.7,10,6,109.2658171,76.23893524,23.66959277
1341,2.8,0.8,0.7,10,6,106.1337984,76.86261482,23.66959277
1342,2.2,0.8,0.9,8,6,91.49005685,48.60649011,18.36213224
1343,2.5,0.8,0.9,8,6,89.0824363,50.39633903,18.36213224
1344,2.8,0.8,0.9,8,6,90.40064715,52.03427728,18.36213224
1345,2.2,0.8,0.9,9,6,107.9072951,62.52717646,21.07991317
1346,2.5,0.8,0.9,9,6,105.5734048,60.91344814,21.07991317
1347,2.8,0.8,0.9,9,6,110.1150786,65.07457974,21.07991317
1348,2.2,0.8,0.9,10,6,104.5879161,50.62263315,23.8861639
1349,2.5,0.8,0.9,10,6,106.0998323,49.97583065,23.8861639
1350,2.8,0.8,0.9,10,6,107.0480052,50.13983728,23.8861639
1351,2.2,0.8,1.1,8,6,84.88351737,43.37255165,18.53446871
1352,2.5,0.8,1.1,8,6,85.52507568,43.52573512,18.53446871
1353,2.8,0.8,1.1,8,6,87.0123995,42.03024082,18.53446871
1354,2.2,0.8,1.1,9,6,89.50583898,39.9908943,21.27426653
1355,2.5,0.8,1.1,9,6,92.90564482,48.11484127,21.27426653
1356,2.8,0.8,1.1,9,6,99.87684103,45.32603156,21.27426653
1357,2.2,0.8,1.1,10,6,105.6478439,50.36828814,24.1026702
1358,2.5,0.8,1.1,10,6,105.2986984,50.21789158,24.1026702
1359,2.8,0.8,1.1,10,6,100.6989103,46.26725593,24.1026702
1360,2.2,0.8,1.3,8,6,86.13473104,46.26391722,18.70676915
1361,2.5,0.8,1.3,8,6,86.27228994,45.32424584,18.70676915
1362,2.8,0.8,1.3,8,6,84.14368987,46.76485137,18.70676915
1363,2.2,0.8,1.3,9,6,93.00595831,46.2805701,21.46857138
1364,2.5,0.8,1.3,9,6,93.57327335,45.60358059,21.46857138
1365,2.8,0.8,1.3,9,6,92.55143409,47.42870152,21.46857138
1366,2.2,0.8,1.3,10,6,101.7914668,45.92504749,24.31911344
1367,2.5,0.8,1.3,10,6,101.1258388,55.21788346,24.31911344
1368,2.8,0.8,1.3,10,6,105.1306485,49.38655492,24.31911344
1369,2.2,0.8,0.7,8,6.4,95.06322219,72.47290823,18.53446871
1370,2.5,0.8,0.7,8,6.4,94.65825022,77.19000928,18.53446871
1371,2.8,0.8,0.7,8,6.4,96.46496045,74.51711325,18.53446871
1372,2.2,0.8,0.7,9,6.4,106.6073765,72.22217672,21.27426653
1373,2.5,0.8,0.7,9,6.4,106.2821034,80.35961357,21.27426653
1374,2.8,0.8,0.7,9,6.4,113.4298269,79.86099167,21.27426653
1375,2.2,0.8,0.7,10,6.4,121.1324845,83.88039543,24.1026702
1376,2.5,0.8,0.7,10,6.4,120.4811671,96.95423457,24.1026702
1377,2.8,0.8,0.7,10,6.4,126.190195,97.91595271,24.1026702
1378,2.2,0.8,0.9,8,6.4,95.72622412,55.2440769,18.70676915
1379,2.5,0.8,0.9,8,6.4,95.97199354,63.48532957,18.70676915
1380,2.8,0.8,0.9,8,6.4,95.3336156,64.34093046,18.70676915
1381,2.2,0.8,0.9,9,6.4,107.7620357,57.49463208,21.46857138
1382,2.5,0.8,0.9,9,6.4,107.7782661,60.79122322,21.46857138
1383,2.8,0.8,0.9,9,6.4,116.3716142,70.57179462,21.46857138
1384,2.2,0.8,0.9,10,6.4,117.5848897,78.70715134,24.31911344
1385,2.5,0.8,0.9,10,6.4,116.4253136,77.80444368,24.31911344
1386,2.8,0.8,0.9,10,6.4,116.6408509,82.16239766,24.31911344
1387,2.2,0.8,1.1,8,6.4,92.11709291,51.71870565,18.87903457
1388,2.5,0.8,1.1,8,6.4,88.01876197,57.6020846,18.87903457
1389,2.8,0.8,1.1,8,6.4,92.27621729,58.57435688,18.87903457
1390,2.2,0.8,1.1,9,6.4,100.6780702,62.14359944,21.66282905
1391,2.5,0.8,1.1,9,6.4,102.4871742,65.88575756,21.66282905
1392,2.8,0.8,1.1,9,6.4,103.2466275,64.03303901,21.66282905
1393,2.2,0.8,1.1,10,6.4,122.2844377,81.02792893,24.53549533
1394,2.5,0.8,1.1,10,6.4,119.8940205,71.04076054,24.53549533
1395,2.8,0.8,1.1,10,6.4,118.6518199,66.88742,24.53549533
1396,2.2,0.8,1.3,8,6.4,96.93987626,50.58870247,19.05126592
1397,2.5,0.8,1.3,8,6.4,98.6217527,44.8076703,19.05126592
1398,2.8,0.8,1.3,8,6.4,99.46329709,49.27866911,19.05126592
1399,2.2,0.8,1.3,9,6.4,103.0225181,69.7736089,21.85704081
1400,2.5,0.8,1.3,9,6.4,103.4154708,64.39005955,21.85704081
1401,2.8,0.8,1.3,9,6.4,104.0882984,61.78344331,21.85704081
1402,2.2,0.8,1.3,10,6.4,113.9113335,56.53696053,24.75181749
1403,2.5,0.8,1.3,10,6.4,112.692113,52.97455831,24.75181749
1404,2.8,0.8,1.3,10,6.4,115.338821,51.29749862,24.75181749
1405,2.2,0.8,0.7,8,6.8,97.32251185,81.02736911,18.87903457
1406,2.5,0.8,0.7,8,6.8,98.16441316,81.18457558,18.87903457
1407,2.8,0.8,0.7,8,6.8,92.58767849,89.79772723,18.87903457
1408,2.2,0.8,0.7,9,6.8,115.6468186,95.14075565,21.66282905
1409,2.5,0.8,0.7,9,6.8,119.2057373,100.959065,21.66282905
1410,2.8,0.8,0.7,9,6.8,121.6104806,98.96465479,21.66282905
1411,2.2,0.8,0.7,10,6.8,134.2251944,100.3650739,24.53549533
1412,2.5,0.8,0.7,10,6.8,135.0321096,107.9222685,24.53549533
1413,2.8,0.8,0.7,10,6.8,133.8465901,108.1427852,24.53549533
1414,2.2,0.8,0.9,8,6.8,94.82227756,62.89864099,19.05126592
1415,2.5,0.8,0.9,8,6.8,93.85801374,68.18457933,19.05126592
1416,2.8,0.8,0.9,8,6.8,97.95440365,70.41892018,19.05126592
1417,2.2,0.8,0.9,9,6.8,113.4819809,101.272894,21.85704081
1418,2.5,0.8,0.9,9,6.8,108.5245671,106.4786881,21.85704081
1419,2.8,0.8,0.9,9,6.8,115.1621094,106.517161,21.85704081
1420,2.2,0.8,0.9,10,6.8,131.8145004,93.33204998,24.75181749
1421,2.5,0.8,0.9,10,6.8,133.0222661,84.00062356,24.75181749
1422,2.8,0.8,0.9,10,6.8,133.1850498,90.67960203,24.75181749
1423,2.2,0.8,1.1,8,6.8,100.4392275,51.08952355,19.22346413
1424,2.5,0.8,1.1,8,6.8,100.8665537,56.29813573,19.22346413
1425,2.8,0.8,1.1,8,6.8,102.4001663,55.46177442,19.22346413
1426,2.2,0.8,1.1,9,6.8,107.3850697,73.10201128,22.0512079
1427,2.5,0.8,1.1,9,6.8,104.3595764,85.58932929,22.0512079
1428,2.8,0.8,1.1,9,6.8,103.366128,83.7175139,22.0512079
1429,2.2,0.8,1.1,10,6.8,123.957389,74.42196299,24.96808152
1430,2.5,0.8,1.1,10,6.8,125.8103708,79.49018051,24.96808152
1431,2.8,0.8,1.1,10,6.8,124.6710576,79.29448284,24.96808152
1432,2.2,0.8,1.3,8,6.8,89.08282848,56.27536575,19.3956301
1433,2.5,0.8,1.3,8,6.8,87.84683452,56.0646252,19.3956301
1434,2.8,0.8,1.3,8,6.8,95.14196401,59.59216896,19.3956301
1435,2.2,0.8,1.3,9,6.8,105.8273774,71.38809094,22.2453315
1436,2.5,0.8,1.3,9,6.8,104.4177808,71.92717086,22.2453315
1437,2.8,0.8,1.3,9,6.8,116.1798885,82.40403738,22.2453315
1438,2.2,0.8,1.3,10,6.8,121.4230169,66.84680606,25.18428894
1439,2.5,0.8,1.3,10,6.8,125.6997701,65.14579714,25.18428894
1440,2.8,0.8,1.3,10,6.8,115.9527013,66.23418309,25.18428894
